{"type":"FeatureCollection","name":"administrative_areas","metadata":{"dataset":"国土数値情報 行政区域","edition":"2026年（令和8年）1月1日時点","source_file":"N03-20260101_01.xml","source_authority":"国土交通省 国土数値情報（原典：国土地理院「数値地図（国土基本情報）」等）","coordinate_reference_system":"JGD2011 / (B, L)","note":"公開用採集座標から生成せず、行政区域データの境界をそのまま使用。長和・稲里はN03行政区域属性には存在しないため、行政区域Polygonとは別に、公開地図用の代表Point Featureを追加。代表点は詳細な採集地点を示さない。"},"features":[{"type":"Feature","properties":{"area_id":"01586","prefecture":"北海道","sub_prefecture":"胆振総合振興局","district":"勇払郡","municipality":"むかわ町","display_name":"むかわ町","source":"国土数値情報 行政区域 2026年版"},"geometry":{"type":"Polygon","coordinates":[[[142.0,42.54392941],[141.99991222,42.54395],[141.99945639,42.54406722],[141.99886973,42.54416223],[141.99806611,42.54433361],[141.99784056,42.54440111],[141.99737555,42.54449611],[141.99689472,42.54460195],[141.99628501,42.54475833],[141.99571834,42.54492],[141.99559333,42.54493584],[141.99546306,42.54492528],[141.99521834,42.54487833],[141.99494778,42.54484195],[141.99440611,42.54472223],[141.99385389,42.54461805],[141.99370306,42.54457111],[141.99206778,42.54434723],[141.99179611,42.54428028],[141.99172917,42.54426389],[141.99166667,42.54425313],[141.99093744,42.54412784],[141.98992869,42.54406831],[141.98945333,42.54412305],[141.98733861,42.54447195],[141.98525555,42.54482084],[141.98333333,42.54512911],[141.98304722,42.545175],[141.98269834,42.54523751],[141.98247445,42.54526333],[141.98226083,42.54520611],[141.98208389,42.54508111],[141.98145944,42.54435278],[141.98114139,42.54398251],[141.98040195,42.54312833],[141.98022472,42.54290944],[141.98015195,42.54265944],[141.9800218,42.54166667],[141.97995944,42.54119111],[141.9799075,42.54077944],[141.97988139,42.54038889],[141.97979278,42.53996195],[141.97972778,42.53936278],[141.97963973,42.53865444],[141.97957345,42.5382548],[141.97950139,42.53782167],[141.97931888,42.53647833],[141.97920973,42.53572278],[141.97920139,42.53570444],[141.97916278,42.53561861],[141.97907944,42.53552472],[141.97888195,42.535405],[141.97788694,42.53486861],[141.97647584,42.53409277],[141.97548112,42.53353028],[141.97513584,42.53333333],[141.975,42.53325587],[141.97422083,42.53281139],[141.97306472,42.53217611],[141.97272611,42.53198861],[141.97232501,42.53175944],[141.97202834,42.53150444],[141.97163778,42.53110333],[141.97134083,42.53081167],[141.97112222,42.53059805],[141.97069,42.53034805],[141.97048472,42.53024472],[141.97040111,42.5302025],[141.9702525,42.53012751],[141.97007,42.53003556],[141.96986889,42.52994444],[141.96950056,42.52977805],[141.96909111,42.52959277],[141.96769528,42.52896777],[141.96721944,42.52868139],[141.9669401,42.52851326],[141.96686102,42.52857261],[141.96685654,42.52858588],[141.96687096,42.52863469],[141.96689259,42.52866085],[141.96689617,42.52866967],[141.96688288,42.5286796],[141.96682572,42.52874414],[141.9670383,42.52885108],[141.96706014,42.52886889],[141.96707597,42.52888944],[141.96708642,42.52892197],[141.96710375,42.52896739],[141.96713173,42.52902417],[141.96716905,42.52908567],[141.96720949,42.52913647],[141.967248,42.52918292],[141.96728302,42.52921714],[141.96731464,42.52925161],[141.96734538,42.52928975],[141.96737258,42.52933044],[141.96740153,42.52938895],[141.96743387,42.52945247],[141.96747462,42.52953884],[141.96749664,42.52959859],[141.96751189,42.52964436],[141.96752309,42.52969589],[141.96752936,42.52976064],[141.96751958,42.52985377],[141.96751572,42.5300078],[141.96752367,42.53010786],[141.9675262,42.53014253],[141.96752616,42.53017503],[141.96752139,42.53020536],[141.9675108,42.53023333],[141.96749776,42.53026922],[141.96748717,42.53029359],[141.96748872,42.53029847],[141.96747861,42.53035489],[141.96747392,42.53036747],[141.96747834,42.53041584],[141.967494,42.53061169],[141.96750416,42.53068013],[141.96752058,42.53076392],[141.967528,42.53081887],[141.96753044,42.5308718],[141.96752837,42.53093139],[141.96751603,42.53102147],[141.96750377,42.53106341],[141.96747467,42.53114669],[141.96745167,42.53120156],[141.96742144,42.53125984],[141.9673953,42.53130739],[141.96735484,42.53137905],[141.96730776,42.53145331],[141.96726484,42.53152225],[141.96722545,42.5315938],[141.96718706,42.53165539],[141.9671265,42.53174886],[141.96707124,42.53182517],[141.96700717,42.531919],[141.96692745,42.53202614],[141.9668617,42.53210978],[141.966764,42.53222847],[141.96668211,42.53232731],[141.96666667,42.53234539],[141.9666208,42.532399],[141.96656111,42.53246484],[141.96649163,42.53253544],[141.96643051,42.53259984],[141.96636881,42.53267036],[141.96629986,42.53273584],[141.96617837,42.53284959],[141.96611567,42.53289951],[141.96605364,42.53294084],[141.96598869,42.53298308],[141.96590992,42.53304239],[141.96587056,42.53307544],[141.9657782,42.53315092],[141.96573897,42.53318413],[141.96568778,42.53322469],[141.96564659,42.53325997],[141.96560117,42.53329147],[141.96554394,42.53332131],[141.96552031,42.53333333],[141.96548195,42.53335284],[141.96541031,42.53339139],[141.96531131,42.53345425],[141.96516956,42.53354636],[141.96501508,42.53365436],[141.96493433,42.53371197],[141.96482538,42.533793],[141.96472511,42.53386847],[141.96459856,42.53396672],[141.96448859,42.53405441],[141.96440501,42.53412292],[141.96428798,42.53421517],[141.96418339,42.53429692],[141.96406241,42.53439584],[141.96393828,42.53449303],[141.96384706,42.53455736],[141.96366014,42.53467761],[141.96358616,42.53472325],[141.96348241,42.53478125],[141.96347569,42.53478539],[141.96347156,42.53478825],[141.96329447,42.5348818],[141.96326786,42.53489759],[141.96321134,42.53493525],[141.96309597,42.53503011],[141.96302005,42.53509961],[141.96298808,42.53512113],[141.96293425,42.53515289],[141.96290275,42.53516936],[141.96286112,42.535196],[141.96279433,42.53523777],[141.96276528,42.53525987],[141.96273922,42.53528592],[141.96271095,42.53531664],[141.96268711,42.53534069],[141.96265825,42.535366],[141.96260453,42.53540161],[141.96253533,42.53544187],[141.96245428,42.5354875],[141.9623707,42.5355295],[141.96229674,42.53556803],[141.96221328,42.53561005],[141.96208922,42.53566608],[141.96199153,42.53570808],[141.96191103,42.53573823],[141.96184419,42.53576453],[141.96176542,42.53579503],[141.96168114,42.53582775],[141.96159872,42.53585925],[141.96149031,42.53589839],[141.96138591,42.53593541],[141.96127547,42.53597178],[141.96120047,42.53599789],[141.96110039,42.53603103],[141.96102625,42.53605587],[141.96093275,42.53608517],[141.96083764,42.53611536],[141.96071842,42.53615025],[141.96058017,42.53619384],[141.96045861,42.53623405],[141.96036095,42.53626551],[141.9602655,42.53629695],[141.96018686,42.53631961],[141.96011239,42.53633833],[141.96003975,42.53635577],[141.95996348,42.53637144],[141.95987185,42.53638787],[141.95975511,42.53640964],[141.95963511,42.53642922],[141.95954156,42.53644178],[141.95945083,42.53644803],[141.95935747,42.53644697],[141.95927533,42.53644208],[141.95921278,42.536435],[141.95917569,42.53642444],[141.95913392,42.53640372],[141.95908659,42.53637344],[141.95903258,42.53633361],[141.95897608,42.53628387],[141.95895577,42.53625508],[141.95894258,42.5362148],[141.95894202,42.53617395],[141.95895051,42.53613389],[141.9589745,42.53607392],[141.95899397,42.53602759],[141.95901669,42.53598405],[141.95904039,42.53593695],[141.95904881,42.53590672],[141.95904358,42.53588275],[141.95903114,42.53586292],[141.95894263,42.53578239],[141.95889691,42.53574087],[141.95888283,42.53573361],[141.95887117,42.53572956],[141.95884878,42.53572617],[141.95882956,42.535727],[141.95881027,42.53573361],[141.95833333,42.53601369],[141.95822361,42.53607803],[141.95821489,42.53609267],[141.95821484,42.5361088],[141.9582217,42.53612447],[141.95823733,42.53613956],[141.95825287,42.53614797],[141.95826927,42.53615169],[141.9582917,42.53615159],[141.95831875,42.53614544],[141.95833333,42.53614356],[141.95834981,42.53614144],[141.95838022,42.53614675],[141.95841058,42.53616089],[141.95844056,42.53618122],[141.9584738,42.53620525],[141.95851005,42.53623614],[141.95854545,42.53626961],[141.95857464,42.53630022],[141.95861253,42.53634667],[141.95865995,42.53641089],[141.95868545,42.53645256],[141.95870686,42.53650753],[141.95871486,42.53654267],[141.95871431,42.53655869],[141.95870652,42.53658044],[141.95868849,42.5366085],[141.95865883,42.53665541],[141.9586135,42.53671356],[141.95855889,42.53678131],[141.95850294,42.53684797],[141.95845642,42.53690484],[141.95841852,42.53693653],[141.95838056,42.53696056],[141.95835477,42.53698325],[141.95833942,42.53701384],[141.95833628,42.53708703],[141.9583428,42.53711936],[141.95833506,42.53716472],[141.95833333,42.53716803],[141.95832117,42.53719141],[141.95828567,42.53723717],[141.95825689,42.53727228],[141.958208,42.53733789],[141.95817956,42.53738011],[141.95815394,42.53742164],[141.95812263,42.53747433],[141.95808922,42.53751656],[141.95804847,42.53756039],[141.95800536,42.53761484],[141.957973,42.5376642],[141.9579307,42.53772603],[141.95788419,42.53777667],[141.95785501,42.537802],[141.95779639,42.53783741],[141.95777403,42.53785384],[141.9576962,42.53791908],[141.9575483,42.53801395],[141.95746914,42.53807417],[141.95735872,42.53814897],[141.95719891,42.53824408],[141.95696603,42.53837511],[141.95678214,42.53846864],[141.95669167,42.53852053],[141.95655302,42.53861814],[141.95650494,42.53864511],[141.95636205,42.5387165],[141.95623314,42.53879105],[141.95609567,42.53887256],[141.95604136,42.53890041],[141.95597703,42.53891528],[141.9559102,42.53893753],[141.95566083,42.53905033],[141.95557514,42.53909728],[141.95552425,42.5391222],[141.95541964,42.53915911],[141.95536326,42.53918686],[141.95527562,42.53923417],[141.95520086,42.53925856],[141.95499889,42.53933564],[141.95491131,42.53937297],[141.95454949,42.53954923],[141.95439406,42.53962597],[141.95419066,42.53971511],[141.95398438,42.5398022],[141.95376114,42.53989956],[141.95337144,42.54007511],[141.95284414,42.5403142],[141.95255458,42.54044905],[141.95218545,42.54060736],[141.95186606,42.54074589],[141.95169839,42.54082253],[141.95140462,42.54095275],[141.95113525,42.54106459],[141.95081717,42.54121187],[141.95039341,42.54140036],[141.95010652,42.54151314],[141.95,42.54155792],[141.94974131,42.54166667],[141.94969066,42.54168797],[141.94933713,42.54183389],[141.94909345,42.54192344],[141.94881623,42.54202564],[141.94857131,42.54211889],[141.94842822,42.54217092],[141.94807192,42.54231447],[141.94430224,42.54379314],[141.94223956,42.54455144],[141.94185589,42.54470508],[141.94173783,42.54474636],[141.94166667,42.54475997],[141.94162547,42.54476784],[141.94157516,42.54476797],[141.9414793,42.54480489],[141.94115995,42.5449758],[141.93929436,42.54557184],[141.939098,42.54561803],[141.93905635,42.54561872],[141.93899608,42.54559595],[141.93804562,42.54523667],[141.93798642,42.54518869],[141.93792156,42.54523244],[141.93792122,42.54529736],[141.93865986,42.5456062],[141.938709,42.54576092],[141.93851897,42.5460955],[141.93824562,42.54632297],[141.93784431,42.54651475],[141.93603036,42.54709533],[141.93512027,42.54727372],[141.93504808,42.54727353],[141.93504781,42.54732692],[141.93503681,42.54743347],[141.93520445,42.54744239],[141.93703209,42.54751069],[141.93722591,42.54741344],[141.93736141,42.54756111],[141.93741891,42.54753228],[141.93728567,42.54739713],[141.94158197,42.54496795],[141.94166667,42.54504395],[141.9421991,42.54552177],[141.94307058,42.54630847],[141.94231953,42.54676264],[141.94219503,42.54665472],[141.94166667,42.54697484],[141.94109689,42.54732005],[141.94034445,42.54664433],[141.94015674,42.54675769],[141.94090711,42.54743192],[141.93921211,42.54845872],[141.9388728,42.54815467],[141.9385563,42.54786787],[141.938501,42.54790095],[141.938093,42.54752736],[141.93800545,42.54757961],[141.93873153,42.54823439],[141.93907847,42.54854839],[141.93906953,42.54855492],[141.93905623,42.54856139],[141.93902733,42.54857111],[141.93898856,42.54857992],[141.93895725,42.54858651],[141.93891425,42.54861213],[141.93888669,42.5486452],[141.93884364,42.54873231],[141.93877737,42.5488642],[141.93868886,42.54907869],[141.93857419,42.54936656],[141.93847075,42.54967508],[141.93834442,42.55],[141.93832828,42.55004147],[141.93825523,42.55018931],[141.93820294,42.55026803],[141.9381407,42.55034717],[141.93806614,42.55040486],[141.93793956,42.55046933],[141.93514664,42.5515752],[141.93505562,42.55161564],[141.93480808,42.55170725],[141.93480464,42.55171328],[141.93481386,42.55171897],[141.93491581,42.55171439],[141.93493642,42.55170984],[141.93515464,42.55163364],[141.93524636,42.55160051],[141.93671586,42.55101861],[141.93770606,42.55062705],[141.937717,42.55062969],[141.93772075,42.55063511],[141.93771255,42.55064608],[141.9375272,42.55080025],[141.93728914,42.55104375],[141.93699844,42.55126867],[141.93670956,42.55147505],[141.93664895,42.55151928],[141.93662988,42.55152811],[141.93661553,42.55153033],[141.93659898,42.5515265],[141.93648808,42.55144536],[141.93647469,42.55144156],[141.93645814,42.55144303],[141.93644056,42.55145136],[141.93641672,42.55146811],[141.93641158,42.5514772],[141.93641248,42.55149017],[141.93642603,42.55150669],[141.93644494,42.55152744],[141.93650384,42.55158422],[141.93650694,42.5515918],[141.93650375,42.55159864],[141.93636031,42.55172356],[141.9362417,42.55184189],[141.93622202,42.55185869],[141.93604501,42.55199611],[141.93603575,42.55199997],[141.93602538,42.55199995],[141.936003,42.55199656],[141.93598073,42.55199522],[141.93596205,42.55199941],[141.93594706,42.55200892],[141.93593978,42.55202508],[141.93594066,42.55204005],[141.93595903,42.55206989],[141.93596105,42.55208133],[141.93595586,42.5520958],[141.93594469,42.55211441],[141.9358645,42.55220225],[141.93584172,42.55222353],[141.93579822,42.55225736],[141.93573822,42.55229544],[141.93557659,42.55238261],[141.93545122,42.55243978],[141.93543283,42.55244389],[141.93541872,42.55244123],[141.93540462,42.55243489],[141.93538639,42.55242495],[141.93533844,42.55239456],[141.93531453,42.55238405],[141.9352898,42.55238397],[141.93527272,42.55238744],[141.93526244,42.55240108],[141.93526139,42.55241578],[141.93527117,42.552433],[141.93529294,42.55245808],[141.93533161,42.55249375],[141.93533791,42.55250161],[141.93534008,42.5525078],[141.93533711,42.55251564],[141.93531523,42.55253341],[141.93513514,42.55265508],[141.93501655,42.55271869],[141.93491997,42.55277225],[141.93479078,42.552845],[141.93477186,42.55285333],[141.93476125,42.55285528],[141.93474897,42.55285256],[141.93466263,42.55280197],[141.93465475,42.55279744],[141.93464309,42.55279525],[141.93463064,42.55280136],[141.93462392,42.55280556],[141.93459103,42.55283231],[141.93458623,42.55283922],[141.93459241,42.5528468],[141.93467508,42.552895],[141.93468078,42.55290105],[141.93468367,42.55290684],[141.93467192,42.55292023],[141.93464219,42.55294408],[141.93451458,42.55304133],[141.93442172,42.55310533],[141.93430139,42.55316084],[141.93415341,42.553233],[141.9341145,42.55325169],[141.93409742,42.55325428],[141.93408051,42.55325423],[141.93406326,42.55324769],[141.93402839,42.55322741],[141.93399667,42.55321689],[141.93397406,42.55321161],[141.93395514,42.55321489],[141.93393231,42.55322825],[141.93392739,42.55324031],[141.93392864,42.55325489],[141.9339392,42.5532648],[141.93399553,42.55329892],[141.93400256,42.55330261],[141.93400472,42.55330831],[141.93400397,42.55331353],[141.93399614,42.55332351],[141.93397691,42.55334325],[141.93391603,42.55339161],[141.93388586,42.5534098],[141.93386217,42.55342441],[141.93383944,42.55343577],[141.93381683,42.55345092],[141.933763,42.55348051],[141.93368864,42.55352105],[141.93360501,42.55356414],[141.93349112,42.55361975],[141.93345075,42.55363053],[141.93341872,42.55363186],[141.93340008,42.55363028],[141.93338161,42.55362186],[141.93333333,42.553581],[141.93326051,42.55351933],[141.93324603,42.55351472],[141.93323153,42.55351395],[141.93319131,42.55352528],[141.93317786,42.55353433],[141.93316856,42.55354503],[141.93316847,42.55355717],[141.93317717,42.55357178],[141.93329878,42.55367575],[141.93330189,42.55368639],[141.93329978,42.55369484],[141.93329144,42.55370931],[141.93323678,42.55375544],[141.93318442,42.5538022],[141.9331355,42.55384086],[141.93310508,42.55385969],[141.93306577,42.5538802],[141.93225691,42.55425005],[141.93180908,42.5544332],[141.93179153,42.55443395],[141.93177511,42.55442859],[141.93175898,42.55441767],[141.93169017,42.55435156],[141.93166888,42.55434005],[141.93164528,42.55433767],[141.93160239,42.55434556],[141.93142973,42.55441233],[141.93142239,42.55441914],[141.93142017,42.5544285],[141.93148066,42.55452384],[141.93147966,42.55453292],[141.93147022,42.55454361],[141.93145776,42.55455286],[141.93118664,42.55468256],[141.93109633,42.55474325],[141.93057613,42.55500441],[141.92983144,42.55539389],[141.92945153,42.55557747],[141.92936253,42.555621],[141.92856272,42.55597364],[141.92845044,42.55601933],[141.92843981,42.55602697],[141.9281762,42.55625939],[141.92810834,42.55628964],[141.92806397,42.55636687],[141.92804516,42.55640256],[141.92803837,42.55642467],[141.9280347,42.55644761],[141.92803859,42.55647375],[141.92804725,42.55649547],[141.92806761,42.55651225],[141.92808689,42.55653014],[141.9281085,42.55654336],[141.92813231,42.55655153],[141.92815156,42.55655408],[141.92817739,42.55655003],[141.92821445,42.55654122],[141.92823759,42.556541],[141.92825789,42.55654844],[141.92830075,42.55657441],[141.92834053,42.55660325],[141.9283785,42.55663503],[141.92841131,42.55666925],[141.92843125,42.55669892],[141.92844436,42.55673397],[141.92845097,42.5567702],[141.92845472,42.55680056],[141.92845528,42.55683387],[141.92845003,42.55686311],[141.92843975,42.55689369],[141.92842261,42.55693533],[141.92840255,42.55697767],[141.92837739,42.55701469],[141.92834825,42.55704459],[141.92818764,42.55718522],[141.92814936,42.55721447],[141.92812261,42.55723384],[141.92786053,42.55737823],[141.92753866,42.55751569],[141.92730234,42.55760389],[141.92686058,42.55773492],[141.92682552,42.55775469],[141.92680389,42.55777256],[141.92678219,42.55779447],[141.92674973,42.55781228],[141.92669791,42.55782169],[141.9264462,42.55784772],[141.92638822,42.55784628],[141.92635056,42.55785259],[141.92626189,42.5576458],[141.92619934,42.55765923],[141.92642144,42.55820505],[141.92643761,42.55825553],[141.92643475,42.55829333],[141.92641975,42.55832256],[141.92640348,42.55833333],[141.92630647,42.55839767],[141.92604525,42.55856214],[141.92597789,42.55861067],[141.92591514,42.55864028],[141.9258563,42.55866417],[141.92577486,42.55868311],[141.92568917,42.55870151],[141.9256055,42.55872511],[141.92551109,42.55875475],[141.92542742,42.55877647],[141.92514355,42.55886867],[141.925,42.55891084],[141.92407219,42.55918344],[141.92399625,42.55919492],[141.92389636,42.55920328],[141.92378317,42.55921089],[141.92361525,42.55923067],[141.92353008,42.55924041],[141.92200997,42.55954461],[141.9213882,42.55965392],[141.92054148,42.55971325],[141.92050309,42.55971808],[141.92046394,42.55972592],[141.92043224,42.5597358],[141.92039917,42.55974995],[141.92038109,42.55975989],[141.9203708,42.55976851],[141.92035722,42.55978287],[141.92034958,42.55979641],[141.91945633,42.55992177],[141.91859997,42.56004195],[141.91796078,42.56032747],[141.91803224,42.56060461],[141.91803859,42.56065289],[141.91806739,42.56071139],[141.91811995,42.56076539],[141.91814706,42.56079869],[141.91816956,42.56082811],[141.91818438,42.56085659],[141.9181862,42.56088064],[141.91817231,42.56090653],[141.91804769,42.561025],[141.91760481,42.56136223],[141.91711075,42.56167367],[141.91680061,42.56186767],[141.91666667,42.56197108],[141.91662623,42.56200231],[141.91634425,42.56228344],[141.91596119,42.56258628],[141.91577,42.56271997],[141.91555005,42.5629732],[141.91550625,42.56310236],[141.91545144,42.56339795],[141.91541922,42.56352356],[141.91535516,42.56365787],[141.91508939,42.563917],[141.91480883,42.56415441],[141.91451883,42.56431605],[141.91418089,42.56456292],[141.91399674,42.56473875],[141.91387272,42.56490739],[141.91377258,42.56509192],[141.91373172,42.5652192],[141.913728,42.56534217],[141.91373964,42.56550984],[141.91374292,42.56564778],[141.91372803,42.56577017],[141.91364861,42.56597259],[141.91352978,42.56614564],[141.91343572,42.56626789],[141.91323105,42.56648022],[141.91314781,42.56658008],[141.91308805,42.56666667],[141.91304458,42.56672969],[141.91290864,42.56686605],[141.91269189,42.5670188],[141.9125692,42.56711659],[141.91243944,42.56725772],[141.91236995,42.56736053],[141.91226448,42.56754056],[141.91218438,42.56766564],[141.91207322,42.56781836],[141.9118717,42.5680558],[141.91174866,42.56819239],[141.91170664,42.56823897],[141.91155742,42.568377],[141.91141103,42.56848597],[141.91096575,42.56881678],[141.91092934,42.56879731],[141.91091167,42.56879733],[141.91089031,42.5688052],[141.91086761,42.56883259],[141.91081384,42.56889105],[141.91080508,42.56890867],[141.91081158,42.56892517],[141.910826,42.56893761],[141.91088639,42.5689658],[141.91095481,42.56899644],[141.91097703,42.56900723],[141.91098623,42.56901867],[141.91099163,42.56903356],[141.91099514,42.56905922],[141.91099236,42.56907831],[141.91095639,42.56915084],[141.91092119,42.56919917],[141.91087189,42.56926041],[141.91082078,42.56931941],[141.91077986,42.56936172],[141.91073606,42.56939805],[141.91066684,42.5694505],[141.91060739,42.5694958],[141.91056156,42.56952475],[141.91049475,42.56956128],[141.91044367,42.56958787],[141.91041189,42.56960984],[141.91037531,42.5696378],[141.91033469,42.56967117],[141.91029803,42.56969339],[141.91024837,42.56971333],[141.91022492,42.56972333],[141.91020586,42.56973156],[141.9101927,42.56973703],[141.91018161,42.56973536],[141.91015039,42.5697205],[141.91013348,42.56971586],[141.91011922,42.56971817],[141.91010698,42.56973217],[141.91003659,42.56981795],[141.91002883,42.56983314],[141.91002852,42.56984267],[141.91003372,42.56985153],[141.91004012,42.56986144],[141.91014635,42.56990192],[141.91015387,42.56990931],[141.91015964,42.56992536],[141.91016222,42.56993959],[141.9101575,42.56995947],[141.91014219,42.56999436],[141.91008567,42.57006603],[141.91006542,42.57009236],[141.91004911,42.5701132],[141.91002667,42.57013995],[141.9100045,42.57016456],[141.9099815,42.57018295],[141.90994603,42.57020733],[141.90973827,42.57035939],[141.90951678,42.57052495],[141.9094263,42.57060867],[141.90941041,42.57062069],[141.90939844,42.57062723],[141.90937903,42.57063284],[141.90936056,42.5706292],[141.90934411,42.57062608],[141.90933131,42.57063],[141.90931151,42.57064344],[141.90928372,42.57066759],[141.90925275,42.57069547],[141.90923889,42.57071084],[141.90923542,42.57072522],[141.90923361,42.57074233],[141.90924547,42.57075911],[141.90926791,42.57077305],[141.90932017,42.57079417],[141.90934849,42.57080433],[141.909361,42.5708152],[141.90936847,42.57082817],[141.90937333,42.57087284],[141.9093683,42.57090128],[141.90935866,42.570928],[141.90933399,42.57096231],[141.90929944,42.57099822],[141.90913805,42.57113305],[141.90910623,42.5711625],[141.90905041,42.57121372],[141.90898462,42.57126189],[141.90896136,42.57128225],[141.908941,42.57130731],[141.90893178,42.57132439],[141.90892562,42.57133669],[141.90891372,42.57135261],[141.90888533,42.5713762],[141.908777,42.5714532],[141.90871956,42.57148769],[141.90868139,42.57151928],[141.908664,42.57153589],[141.90864678,42.57154403],[141.90863175,42.57155072],[141.90862409,42.57155178],[141.90859122,42.57154351],[141.90857419,42.57153895],[141.90856224,42.57153972],[141.90855431,42.57154861],[141.90846394,42.571656],[141.90845547,42.57166536],[141.90845944,42.57167336],[141.9084665,42.57167953],[141.9084835,42.57168831],[141.90862805,42.57173556],[141.9086363,42.57174153],[141.90864236,42.57174792],[141.90864484,42.57176423],[141.90863964,42.57178159],[141.90862584,42.571809],[141.90859148,42.57185589],[141.908544,42.57191878],[141.90849689,42.57197753],[141.90846209,42.57201739],[141.90841294,42.572069],[141.90835326,42.572118],[141.90833333,42.57213317],[141.90816927,42.57225817],[141.90796003,42.57241472],[141.90790255,42.57245461],[141.90788231,42.57245897],[141.90786392,42.57245847],[141.90784458,42.5724538],[141.9078273,42.5724498],[141.9078117,42.57244975],[141.90779803,42.5724552],[141.90778581,42.57246103],[141.90774333,42.57250195],[141.90771878,42.57253841],[141.90770156,42.57256828],[141.90769942,42.57257925],[141.90770567,42.57259439],[141.90772289,42.57260795],[141.90781511,42.57265225],[141.90782849,42.5726728],[141.90783377,42.57269184],[141.90783645,42.57271441],[141.90783306,42.57273514],[141.9078218,42.57276272],[141.90780603,42.57279995],[141.90775769,42.57288247],[141.90770886,42.57294759],[141.90763981,42.57300913],[141.90746713,42.57315717],[141.90732136,42.57328603],[141.90725031,42.57333433],[141.90718591,42.57337439],[141.90715769,42.57338808],[141.90712584,42.57339869],[141.9071117,42.57340217],[141.90708992,42.57339914],[141.90706047,42.57339095],[141.9070393,42.5733852],[141.90702333,42.57338713],[141.90699708,42.573401],[141.90697075,42.57342444],[141.90695542,42.57344636],[141.90694261,42.57349125],[141.90696102,42.57351228],[141.90699403,42.57353631],[141.90717053,42.57360339],[141.90719228,42.57361317],[141.90719992,42.57361869],[141.90720569,42.57362805],[141.90719908,42.57363886],[141.90700253,42.573871],[141.90688109,42.57400369],[141.90688178,42.5740108],[141.90688222,42.57401892],[141.90688815,42.57402828],[141.90697672,42.57406953],[141.90698361,42.57408017],[141.90699564,42.57415395],[141.90700886,42.57425256],[141.90702992,42.57438541],[141.90702783,42.57448103],[141.90702594,42.57458031],[141.90701706,42.57466547],[141.90700905,42.57470225],[141.90699908,42.57474508],[141.90697789,42.5747922],[141.90695428,42.57483228],[141.90692739,42.57487],[141.90689124,42.5749088],[141.90685961,42.57494308],[141.90681175,42.57498967],[141.90680317,42.575],[141.90675092,42.57506305],[141.90670031,42.57511961],[141.90668056,42.5751408],[141.90662759,42.57518278],[141.90661533,42.57519922],[141.90661425,42.57521525],[141.90660969,42.57522487],[141.90660005,42.57523095],[141.90658492,42.57523477],[141.90656781,42.57524364],[141.90655533,42.57525531],[141.90654331,42.57526967],[141.90652742,42.57529989],[141.90651978,42.57531911],[141.90651462,42.57532695],[141.9065108,42.57532953],[141.90650314,42.57532933],[141.90648766,42.57533072],[141.90647,42.5753322],[141.90645717,42.57534136],[141.9064492,42.57535025],[141.90644302,42.57536175],[141.90643564,42.57537795],[141.90643586,42.57540189],[141.90643815,42.57541297],[141.90643528,42.57541953],[141.90642525,42.57542778],[141.90641475,42.57543441],[141.90639947,42.57544023],[141.90637811,42.57544978],[141.90636331,42.57546397],[141.90634173,42.57548811],[141.9063335,42.57550005],[141.90631966,42.57551075],[141.9063028,42.57551853],[141.90626655,42.57553659],[141.90624525,42.57555192],[141.90624202,42.57556264],[141.90623683,42.57557847],[141.90622895,42.57559303],[141.90621781,42.57560478],[141.90619713,42.57562175],[141.90616278,42.57566747],[141.90610519,42.575725],[141.90606664,42.575758],[141.90603089,42.57579013],[141.90598073,42.57583436],[141.9059263,42.57587059],[141.90589292,42.57589453],[141.90579711,42.57599561],[141.90572192,42.57606895],[141.90567562,42.57611553],[141.90563477,42.57616239],[141.90561683,42.57619295],[141.90560856,42.57621067],[141.90560681,42.57622039],[141.9056037,42.57623008],[141.9055972,42.576238],[141.90558019,42.57625361],[141.90556589,42.57626256],[141.90553647,42.57627536],[141.90551936,42.5762852],[141.90550639,42.57629533],[141.90549425,42.57631069],[141.90548525,42.57632887],[141.90546195,42.57635597],[141.90541575,42.57640564],[141.90538547,42.5764402],[141.9053463,42.57647475],[141.90533992,42.57648625],[141.90532606,42.57651325],[141.90532202,42.5765212],[141.905297,42.57654964],[141.90525728,42.57658525],[141.90521139,42.57661405],[141.90519348,42.57662389],[141.905177,42.57663413],[141.90515789,42.57665644],[141.90512713,42.57668928],[141.905107,42.57670759],[141.90507341,42.57672917],[141.90504662,42.57673567],[141.90502881,42.57673939],[141.90501364,42.57674577],[141.90499209,42.57676367],[141.90497148,42.57679164],[141.90495283,42.57680431],[141.90491095,42.5768215],[141.90482209,42.5768635],[141.90477095,42.57689133],[141.90475331,42.57690367],[141.90472722,42.57692814],[141.90468925,42.57696059],[141.90467,42.57697431],[141.90465066,42.57698369],[141.90460888,42.57699478],[141.90458433,42.5770032],[141.90454886,42.57701928],[141.90446516,42.57706836],[141.90440294,42.57710567],[141.90435973,42.57712672],[141.90433759,42.57713525],[141.90432233,42.57714772],[141.904307,42.57716631],[141.90429358,42.57717995],[141.90428041,42.57718572],[141.90426528,42.57719208],[141.90425261,42.57719253],[141.90424472,42.57718889],[141.90423406,42.57718869],[141.90422905,42.57719023],[141.90421964,42.57720264],[141.90419581,42.57722903],[141.90417547,42.57724911],[141.90416125,42.57726128],[141.9041445,42.57726903],[141.90412903,42.57726859],[141.9041192,42.57726986],[141.90404828,42.57729164],[141.90402419,42.57730508],[141.90394501,42.577358],[141.90385814,42.57739939],[141.90382475,42.57741917],[141.90380584,42.57742931],[141.90379302,42.5774315],[141.90377331,42.57742977],[141.90375647,42.5774332],[141.90373333,42.57744203],[141.90371467,42.57745469],[141.90369302,42.57746828],[141.90363547,42.5774972],[141.9036225,42.5775012],[141.90358403,42.5775078],[141.90356406,42.57751395],[141.90355189,42.57751939],[141.90353847,42.57753305],[141.90351292,42.57754175],[141.9034937,42.57754505],[141.9034708,42.57754603],[141.90345808,42.57754214],[141.90344759,42.57754017],[141.90342078,42.57754667],[141.90339489,42.57755895],[141.90337364,42.57757328],[141.90335888,42.57759077],[141.90333572,42.57762041],[141.90331214,42.57763892],[141.903287,42.57765875],[141.90327783,42.57766331],[141.90320192,42.57768661],[141.9031702,42.57768856],[141.90316153,42.57768775],[141.90315172,42.57768903],[141.90314864,42.57769605],[141.90314778,42.57771536],[141.90313711,42.57772556],[141.90311761,42.57773675],[141.90306423,42.57777305],[141.90302917,42.57778989],[141.90300236,42.57779639],[141.90298214,42.5778],[141.90295733,42.57780589],[141.90294516,42.57781136],[141.90294209,42.57781836],[141.90292917,42.57783705],[141.90291192,42.57785013],[141.9028937,42.57785313],[141.90286031,42.57786253],[141.9028165,42.57787423],[141.90280302,42.57787317],[141.90279202,42.57787656],[141.90278603,42.57788877],[141.90277661,42.5779012],[141.90275639,42.57791522],[141.90271575,42.57793461],[141.90259175,42.57798859],[141.90256025,42.57800297],[141.902547,42.57800578],[141.90252975,42.57800433],[141.90250739,42.57800259],[141.90248523,42.57800567],[141.90246497,42.57801361],[141.90244681,42.57802095],[141.90243097,42.57803241],[141.90241158,42.57805531],[141.90236975,42.57808075],[141.90233558,42.57809778],[141.90230423,42.57811095],[141.90227791,42.57812133],[141.90225691,42.57812647],[141.90221639,42.57813208],[141.90217392,42.57813705],[141.90212608,42.57814425],[141.90211392,42.57814308],[141.90210625,42.57814114],[141.90210131,42.57814264],[141.90210231,42.57815328],[141.90210172,42.57816561],[141.90209365,42.57817475],[141.90207497,42.57818708],[141.90204922,42.57819853],[141.90202189,42.57820559],[141.90199878,42.57821139],[141.90198552,42.5782142],[141.90197234,42.57822303],[141.90195886,42.57823139],[141.9019491,42.57823311],[141.9019338,42.57822925],[141.90191545,42.57822872],[141.90190531,42.57823423],[141.90189978,42.57824503],[141.90189333,42.57825725],[141.90188211,42.57827269],[141.90185872,42.57828922],[141.90183464,42.57829825],[141.90179175,42.57830695],[141.90175012,42.57831784],[141.90170411,42.57833351],[141.9016792,42.57834103],[141.9016538,42.5783582],[141.9016272,42.57837311],[141.90160628,42.57837944],[141.90158061,42.5783898],[141.90151236,42.57841995],[141.90147022,42.57844044],[141.90143778,42.57845114],[141.90140783,42.57845592],[141.9013663,42.57846075],[141.90129501,42.57848322],[141.90125438,42.57849811],[141.90122752,42.57851053],[141.90120567,42.57852144],[141.90114119,42.57854786],[141.90109739,42.57856114],[141.9010637,42.57856961],[141.90103311,42.57857113],[141.90100958,42.57857484],[141.90097934,42.57858744],[141.90094798,42.57860639],[141.90093253,42.57862053],[141.90086034,42.57865186],[141.9007138,42.57870656],[141.90060175,42.57874995],[141.90049545,42.57878903],[141.9004365,42.57880861],[141.90037175,42.57882823],[141.90034725,42.5788365],[141.90029895,42.57886059],[141.90025639,42.57888036],[141.90022389,42.57888678],[141.90020292,42.57888884],[141.90018917,42.57889128],[141.90017744,42.57889741],[141.90013036,42.57892369],[141.90009555,42.57893856],[141.90005776,42.57895431],[141.90001309,42.57896611],[141.9,42.57897008],[141.89998322,42.57897517],[141.89995878,42.57898772],[141.89991942,42.57900908],[141.89988161,42.57902484],[141.89983661,42.5790402],[141.89978103,42.57905531],[141.89973014,42.57907133],[141.89968475,42.57908995],[141.89963914,42.57911403],[141.89959934,42.57914123],[141.8995675,42.57916356],[141.89953114,42.57919695],[141.89951436,42.57920505],[141.89949428,42.57920872],[141.89946772,42.57921256],[141.89944039,42.57922387],[141.8994218,42.57923614],[141.89938112,42.57925875],[141.89935674,42.57927097],[141.89932713,42.57927814],[141.89928139,42.5792902],[141.89923947,42.57930469],[141.89921358,42.57931928],[141.89918572,42.57933611],[141.89916472,42.57934425],[141.89913739,42.57935253],[141.89898961,42.57939531],[141.89895591,42.57940897],[141.89882012,42.57946959],[141.89873178,42.57951369],[141.89859167,42.57958277],[141.89850163,42.57962644],[141.89830294,42.5797128],[141.898212,42.57974503],[141.89796547,42.57982817],[141.89759173,42.57997531],[141.89735411,42.58007117],[141.89721134,42.580137],[141.89713791,42.58017459],[141.89690156,42.58028731],[141.89674536,42.58035441],[141.89643467,42.58049231],[141.89613805,42.58061256],[141.89569917,42.58077984],[141.89524739,42.58093959],[141.89477647,42.58112025],[141.89441202,42.58123725],[141.89398961,42.58139836],[141.89349,42.58157064],[141.893253,42.58164086],[141.89270975,42.58181589],[141.89208095,42.58199947],[141.89166667,42.5821235],[141.89153336,42.58216341],[141.8910582,42.58231713],[141.89047058,42.58251372],[141.88995798,42.58265392],[141.88945031,42.58280313],[141.88769183,42.58333333],[141.88741698,42.5834162],[141.88640528,42.58367139],[141.88472767,42.58417131],[141.88401128,42.58440544],[141.88349128,42.58455286],[141.88333333,42.58459608],[141.88303392,42.58467797],[141.88266128,42.58477564],[141.88226399,42.58487664],[141.88173236,42.58501556],[141.88113737,42.58517417],[141.88078523,42.58526236],[141.88077056,42.58526978],[141.88071667,42.58529769],[141.88057058,42.58535872],[141.88042761,42.585411],[141.88028311,42.58545672],[141.88006872,42.58550986],[141.87969552,42.58561705],[141.87954224,42.58565825],[141.87884922,42.58584922],[141.8785193,42.58595005],[141.87835538,42.58601992],[141.87811625,42.58611972],[141.87803728,42.58614261],[141.877942,42.58616317],[141.87784825,42.58619584],[141.87764136,42.58627636],[141.87754455,42.58631117],[141.87741503,42.58633387],[141.87729817,42.58635844],[141.87720737,42.58638569],[141.87696597,42.58647061],[141.8768079,42.58652523],[141.87685973,42.58666167],[141.87691416,42.586805],[141.87709083,42.58728111],[141.87719501,42.58759861],[141.87729917,42.58778611],[141.87741389,42.58793472],[141.87752306,42.58811695],[141.87752306,42.58824972],[141.87747111,42.58843722],[141.87724195,42.58878889],[141.87720611,42.58887695],[141.87712722,42.58907],[141.87712195,42.58920777],[141.87713111,42.58936139],[141.87713139,42.58936777],[141.8771325,42.58938472],[141.8772,42.589515],[141.87729917,42.58961389],[141.87744501,42.58973111],[141.87764805,42.58986667],[141.8778825,42.59001777],[141.87803861,42.59010111],[141.87831973,42.59022361],[141.87861639,42.59032777],[141.87888222,42.59042667],[141.87931973,42.59060639],[141.87960611,42.59074695],[141.87977611,42.59081889],[141.87987694,42.59086167],[141.8799262,42.59090389],[141.87993616,42.5909138],[141.88004361,42.59102833],[141.88004917,42.59104917],[141.88008528,42.59118695],[141.88008389,42.59124944],[141.88008027,42.59141611],[141.88008027,42.59159833],[141.88006759,42.59166667],[141.88003861,42.59182251],[141.87998944,42.592005],[141.87996555,42.59209333],[141.8798975,42.59233528],[141.87980389,42.59248639],[141.87962722,42.59261361],[141.87954,42.59268195],[141.8791575,42.59298111],[141.87882501,42.59324139],[141.87882472,42.59324167],[141.87861667,42.59343944],[141.87841361,42.59367889],[141.87828333,42.59386139],[141.87823639,42.594025],[141.8782,42.59444444],[141.87818416,42.59477777],[141.87823083,42.59520723],[141.87828306,42.59538944],[141.87835611,42.59552778],[141.87846027,42.59564751],[141.87863722,42.59577778],[141.87878834,42.59587667],[141.87923112,42.59612389],[141.88000195,42.59654333],[141.88039222,42.59676195],[141.88086584,42.59703],[141.88104222,42.59711805],[141.88123056,42.59721222],[141.88153778,42.59739472],[141.88184501,42.59756389],[141.88206917,42.59765751],[141.88229306,42.59775667],[141.88278222,42.59795195],[141.8831,42.59809777],[141.88333333,42.59818044],[141.88342306,42.59821222],[141.88376139,42.59837611],[141.88413139,42.59854277],[141.88476112,42.59884251],[141.88506861,42.59897805],[141.88515306,42.59901305],[141.88530805,42.59907695],[141.88575083,42.59924084],[141.88612056,42.59936056],[141.88673528,42.599535],[141.88748501,42.59973056],[141.88816722,42.59991528],[141.88848752,42.6],[141.88869861,42.60005584],[141.88914112,42.60018889],[141.88943805,42.60026695],[141.88991167,42.60039723],[141.89028694,42.60052472],[141.89054195,42.60066556],[141.89075027,42.60088417],[141.89083888,42.60101695],[141.89083888,42.60118361],[141.89084416,42.601345],[141.8908025,42.60160805],[141.89075555,42.60194639],[141.89077639,42.60229278],[141.89079542,42.60246605],[141.89090387,42.60284641],[141.89109558,42.60343159],[141.89116623,42.60387277],[141.89166667,42.60524217],[141.89198745,42.60611992],[141.89209267,42.60637364],[141.89228027,42.6065338],[141.89285814,42.60686869],[141.89474944,42.60800305],[141.89503611,42.60817472],[141.89532778,42.60831556],[141.89536073,42.60833333],[141.89572861,42.60853195],[141.89596805,42.60870889],[141.89616611,42.60881305],[141.89656167,42.60908111],[141.89676501,42.60923723],[141.8969525,42.60936222],[141.89709306,42.60948223],[141.89736361,42.60974],[141.89756694,42.60990139],[141.89780111,42.61007861],[141.89801472,42.61017222],[141.89818667,42.61023751],[141.89844667,42.61032084],[141.89861333,42.61035723],[141.89904056,42.61051084],[141.89942973,42.61068805],[141.89995722,42.61090639],[141.9,42.61092836],[141.90015528,42.61100805],[141.90041555,42.61109139],[141.90066528,42.61120833],[141.90119667,42.61142444],[141.90162889,42.61158084],[141.90201416,42.61173695],[141.90220694,42.61181251],[141.90263416,42.61181251],[141.90293112,42.61177084],[141.90332139,42.61175277],[141.90355056,42.61171111],[141.90374834,42.61166972],[141.90401917,42.61159167],[141.90444639,42.61154223],[141.90471722,42.61154223],[141.90495667,42.61153695],[141.90542027,42.61159667],[141.90606611,42.61169056],[141.90661805,42.61175584],[141.90709195,42.61181833],[141.90764917,42.61188833],[141.90798778,42.61194056],[141.90824834,42.61197695],[141.90833333,42.611995],[141.90872722,42.61207861],[141.90900333,42.61216195],[141.90927888,42.61222972],[141.90970111,42.61236778],[141.90999861,42.61246723],[141.91003139,42.61247833],[141.91033111,42.61257861],[141.91069056,42.61271417],[141.91108112,42.61285722],[141.91139361,42.61297695],[141.91177861,42.61310444],[141.91198195,42.61317222],[141.91219027,42.61326611],[141.91273195,42.61346639],[141.91312778,42.61363833],[141.91354445,42.61378195],[141.91391944,42.61388084],[141.91422112,42.61397695],[141.9145075,42.61406556],[141.91498694,42.61421417],[141.91526834,42.61433917],[141.91558083,42.61448223],[141.9157475,42.61455528],[141.91588805,42.61458639],[141.91598167,42.61459695],[141.91609112,42.61459167],[141.91623694,42.61457611],[141.91659111,42.6145525],[141.91666667,42.61455117],[141.91689306,42.61454723],[141.91724195,42.61455778],[141.91772112,42.6146125],[141.9181325,42.614675],[141.91844501,42.61472972],[141.91861694,42.61477639],[141.91876278,42.61484417],[141.91888778,42.61493805],[141.91907501,42.6151125],[141.91918973,42.61523222],[141.91929888,42.61534667],[141.91947056,42.61544584],[141.91970501,42.61554723],[141.91998112,42.61566195],[141.92006973,42.61569528],[141.92018944,42.61574],[141.92068445,42.61593],[141.92098639,42.616055],[141.92125195,42.61619305],[141.92152278,42.61633361],[141.92175694,42.61647417],[141.92198611,42.61658611],[141.92214241,42.61666667],[141.92215805,42.61667472],[141.92241333,42.61684639],[141.92271,42.61704195],[141.92293014,42.61718856],[141.92312489,42.61729497],[141.92351317,42.61749541],[141.92379584,42.6176322],[141.92400667,42.617745],[141.92426694,42.61788584],[141.92444389,42.61802639],[141.92454306,42.61816944],[141.92460027,42.61837777],[141.92462639,42.61864084],[141.92461611,42.61887528],[141.92455889,42.61908861],[141.92446501,42.61937222],[141.92437639,42.61957028],[141.9242825,42.61971611],[141.92407944,42.61995805],[141.92393889,42.62015084],[141.92393167,42.62018251],[141.92390778,42.62028639],[141.92392861,42.6204425],[141.92401694,42.62078889],[141.92410555,42.62114556],[141.92414722,42.62146305],[141.92418889,42.62176778],[141.92419416,42.62193444],[141.92423056,42.62209056],[141.92424056,42.62251],[141.92424667,42.62258917],[141.92426139,42.62277556],[141.9242875,42.62306472],[141.92427195,42.6232625],[141.92425112,42.623445],[141.92419389,42.62367111],[141.92412083,42.6239575],[141.92399611,42.62428333],[141.92394389,42.62448111],[141.92386056,42.62469472],[141.92384111,42.62482028],[141.92381889,42.62496278],[141.92381117,42.625],[141.92372,42.62543944],[141.92367306,42.62585305],[141.92361056,42.62643917],[141.92357917,42.62674111],[141.92356361,42.62702528],[141.9235375,42.62729611],[141.92348555,42.62742639],[141.9234075,42.62753556],[141.92330834,42.62768917],[141.92321973,42.62791305],[141.92320416,42.62806667],[141.92325111,42.62822805],[141.92329805,42.62835305],[141.92336528,42.62850417],[141.9234175,42.628715],[141.92349056,42.62894417],[141.92350611,42.62909528],[141.92350611,42.62931389],[141.92352167,42.62946751],[141.92353584,42.62951167],[141.92357361,42.62962889],[141.92363611,42.62978528],[141.92370389,42.62991305],[141.92382361,42.63004833],[141.92394333,42.63016305],[141.92409445,42.63035028],[141.92423,42.6305975],[141.92436,42.63088389],[141.92450611,42.63118861],[141.92454361,42.63125805],[141.92456944,42.63130584],[141.92461,42.63138111],[141.92468278,42.63155833],[141.92475056,42.63171195],[141.92483917,42.63181611],[141.92493278,42.63193084],[141.925,42.63202228],[141.92506306,42.63210805],[141.92511,42.63223028],[141.9251725,42.63237611],[141.92522445,42.63255305],[141.92522973,42.63269889],[141.92518805,42.63289417],[141.92512555,42.63300861],[141.92508389,42.633165],[141.92507861,42.63333167],[141.92507875,42.63333333],[141.92509416,42.63351639],[141.92513056,42.63369361],[141.92516195,42.63380056],[141.92521917,42.63389417],[141.92529222,42.63396722],[141.92537555,42.63402972],[141.92547445,42.63408695],[141.92558389,42.63411805],[141.92571917,42.63413084],[141.92596917,42.63417777],[141.92620861,42.63425084],[141.92632389,42.63431944],[141.92642722,42.63438084],[141.92655222,42.63450084],[141.92675555,42.63473251],[141.92694306,42.63498251],[141.9271775,42.63524305],[141.92738056,42.63538639],[141.92752639,42.63552167],[141.92764112,42.63563111],[141.92773472,42.63567278],[141.92789111,42.63568833],[141.92805778,42.63566751],[141.92828667,42.63559722],[141.92844278,42.63554528],[141.92859889,42.63555028],[141.9286875,42.63557639],[141.92878139,42.63564944],[141.92888555,42.6357275],[141.92900528,42.63580028],[141.92925528,42.63594611],[141.92939056,42.63609944],[141.92944278,42.636235],[141.92946889,42.636365],[141.9295,42.63656833],[141.9295625,42.63675833],[141.92961973,42.636925],[141.92969778,42.63709167],[141.92980222,42.63726611],[141.92994805,42.63749528],[141.93003639,42.63767528],[141.93008944,42.63781556],[141.93020805,42.63813056],[141.93026528,42.63831805],[141.93034889,42.6384825],[141.93049445,42.63888584],[141.93059861,42.63918251],[141.93074445,42.63957056],[141.93082278,42.63981556],[141.93088528,42.63995861],[141.93104139,42.64035195],[141.93110389,42.6404925],[141.93114027,42.64059667],[141.93120805,42.640675],[141.93130195,42.64072695],[141.93141639,42.64076861],[141.93178056,42.64089611],[141.93203584,42.64098472],[141.93217111,42.64103139],[141.93253056,42.64114611],[141.93299944,42.64131556],[141.93320778,42.64140917],[141.93333333,42.64144513],[141.93374416,42.64156277],[141.93402027,42.64164611],[141.9341273,42.64166667],[141.93426472,42.64169305],[141.93469694,42.64182084],[141.93494167,42.64189361],[141.93530639,42.64200833],[141.93569722,42.64214611],[141.93597333,42.64222417],[141.93625973,42.64232833],[141.93661889,42.64244056],[141.93690027,42.64254972],[141.93711361,42.64264333],[141.9373375,42.64273195],[141.93757694,42.64284361],[141.93773333,42.64290084],[141.93790501,42.64298944],[141.93797416,42.64304],[141.93804056,42.64308833],[141.93816555,42.64316139],[141.93833222,42.64320833],[141.93857167,42.64324223],[141.93875917,42.64328917],[141.93888416,42.64334111],[141.93907167,42.64344028],[141.93924889,42.64350278],[141.93941555,42.64355472],[141.93959278,42.64357305],[141.93979584,42.64354167],[141.93993112,42.6435],[141.94013917,42.64342723],[141.9403475,42.64338556],[141.94060278,42.64334667],[141.94077472,42.64331556],[141.9409725,42.64331556],[141.94115501,42.64332084],[141.94131111,42.64333111],[141.94145694,42.64334667],[141.94161834,42.64337278],[141.94166667,42.6433792],[141.94183195,42.64340111],[141.94207694,42.64342195],[141.94223306,42.6434325],[141.94236861,42.64342723],[141.94253,42.64339611],[141.94281112,42.64332584],[141.94301445,42.64325805],[141.94321222,42.64318],[141.94333195,42.64310195],[141.94351445,42.64298722],[141.94380611,42.64285444],[141.94400389,42.64278167],[141.94417555,42.64275028],[141.94432139,42.64275028],[141.94486278,42.64273722],[141.94521112,42.64272667],[141.94581083,42.64270861],[141.94615445,42.64269584],[141.94641501,42.64264889],[141.94669111,42.64263333],[141.94719112,42.64259944],[141.94757111,42.64256305],[141.94787834,42.64251361],[141.94825834,42.64240944],[141.94857083,42.64232084],[141.94858472,42.64231778],[141.94887834,42.64225056],[141.94914917,42.64222444],[141.94937834,42.64220889],[141.94965416,42.64220889],[141.94988861,42.64221139],[141.95,42.64222447],[141.95006584,42.64223223],[141.95035222,42.64224778],[141.95055027,42.64225056],[141.95069611,42.64220889],[141.95081056,42.64216222],[141.95085112,42.64213111],[141.95094611,42.64205805],[141.95110222,42.64197472],[141.95119083,42.64190695],[141.9513,42.64186778],[141.95150834,42.64183639],[141.95169056,42.6418],[141.95184139,42.64174277],[141.95201891,42.64166667],[141.95209667,42.64163333],[141.95230501,42.64156028],[141.95238834,42.64156028],[141.95250306,42.64157889],[141.95271139,42.64161],[141.95288333,42.64159972],[141.95305501,42.64158389],[141.95322167,42.64152695],[141.95339361,42.64139917],[141.95348222,42.64125861],[141.95362278,42.64113889],[141.95382611,42.641045],[141.95427917,42.64081833],[141.95452917,42.64072472],[141.95470611,42.640605],[141.95483111,42.640485],[141.95495112,42.64039139],[141.95510722,42.64034195],[141.95538306,42.64030028],[141.95566973,42.64024833],[141.95588306,42.6402275],[141.95615361,42.64019611],[141.95635167,42.64022223],[141.95652889,42.64021417],[141.95670584,42.64017777],[141.95698694,42.64014417],[141.95716944,42.64014444],[141.95733611,42.64014695],[141.95747667,42.64012084],[141.95763805,42.64008972],[141.95779445,42.64001667],[141.95790888,42.63995417],[141.95816944,42.63974833],[141.95833333,42.63963425],[141.95840889,42.63958167],[141.95853694,42.63946361],[141.95854445,42.63945667],[141.95873195,42.63935778],[141.95892472,42.63926917],[141.95911222,42.63921972],[141.95927889,42.63920417],[141.95940917,42.63920944],[141.95957056,42.63921972],[141.95976834,42.6392875],[141.95999722,42.63937611],[141.96015861,42.63942556],[141.96033584,42.63947778],[141.96043472,42.63954028],[141.96049722,42.63962889],[141.96059611,42.63973805],[141.96069501,42.63981111],[141.96079416,42.63982667],[141.96091917,42.63979556],[141.96110667,42.63974333],[141.96129416,42.63971472],[141.96141917,42.63971472],[141.96155445,42.639725],[141.96174195,42.63974584],[141.96191917,42.63976667],[141.96213278,42.63979528],[141.96228888,42.63980584],[141.96241917,42.63982139],[141.96253389,42.63980056],[141.96262222,42.6397825],[141.96273167,42.63976167],[141.96284584,42.63975639],[141.96298139,42.63977195],[141.96307501,42.63980333],[141.96316888,42.63985],[141.96326778,42.63992833],[141.9633875,42.639975],[141.96350222,42.64002195],[141.9636375,42.64004],[141.96378333,42.640035],[141.96394501,42.63999833],[141.96409584,42.63993584],[141.96443973,42.63975111],[141.96473667,42.63961084],[141.96486167,42.63952223],[141.96499167,42.63939195],[141.96508555,42.63934251],[141.96525222,42.6392175],[141.96539278,42.63913944],[141.96548139,42.63906667],[141.96557501,42.6389675],[141.96569472,42.63882417],[141.96589278,42.638715],[141.96606472,42.63863667],[141.96624167,42.63857944],[141.96648139,42.63851695],[141.96666667,42.63844047],[141.96675195,42.63840528],[141.96686139,42.63833751],[141.96689778,42.638275],[141.9668875,42.63816028],[141.96686667,42.63799889],[141.96687722,42.63788944],[141.96700195,42.63782723],[141.96720501,42.63779611],[141.96745,42.63778556],[141.96766333,42.63782223],[141.96777805,42.63792111],[141.96780445,42.637945],[141.9678925,42.63802528],[141.96793944,42.63805361],[141.96800722,42.63810028],[141.96811139,42.63809028],[141.96817888,42.63805361],[141.96828306,42.63805361],[141.96835611,42.63810056],[141.96849139,42.63816305],[141.96860083,42.63818389],[141.96868944,42.63816305],[141.96878306,42.63813695],[141.96890306,42.63807723],[141.9690175,42.63804584],[141.96910611,42.63804584],[141.96918416,42.63805639],[141.96927278,42.63809805],[141.96935611,42.63813972],[141.96948112,42.63823333],[141.96960611,42.63831667],[141.96974167,42.63837917],[141.96982973,42.63840528],[141.96988195,42.63840528],[141.9700225,42.63839222],[141.97007445,42.63840777],[141.97009528,42.63843917],[141.97008501,42.63849639],[141.97008501,42.63857417],[141.97015778,42.63866278],[141.97027778,42.63873056],[141.97041306,42.638845],[141.97053278,42.63891805],[141.9706475,42.63895695],[141.97079834,42.63895195],[141.97090778,42.63892584],[141.97111083,42.63886861],[141.97128278,42.63884278],[141.97146,42.63885833],[141.97157445,42.63889472],[141.97166306,42.63898056],[141.97174639,42.63907444],[141.97182445,42.63919944],[141.97190278,42.63930361],[141.97197027,42.63938695],[141.97212139,42.63950139],[141.97222528,42.63956389],[141.97231888,42.63961861],[141.97249083,42.63969695],[141.97263667,42.63974889],[141.97277195,42.63978028],[141.97288139,42.639775],[141.97304805,42.63978028],[141.97320944,42.63979056],[141.97336584,42.63982972],[141.97352222,42.63991305],[141.9736575,42.63999111],[141.97379306,42.64004833],[141.97401694,42.64010556],[141.97418888,42.64013167],[141.97436611,42.64015],[141.97451195,42.64022805],[141.97463167,42.64032695],[141.97472027,42.64037389],[141.97480834,42.64041556],[141.97486861,42.64043361],[141.975,42.64047272],[141.97505333,42.64048861],[141.97527722,42.64055861],[141.97544389,42.64062111],[141.97567306,42.64068889],[141.9759075,42.64075139],[141.9760325,42.64078777],[141.97608973,42.640845],[141.97611584,42.640905],[141.97613139,42.64094361],[141.97615111,42.64099195],[141.97623027,42.64118639],[141.97631361,42.64133222],[141.9764125,42.64147805],[141.97649584,42.64158472],[141.97658703,42.64166667],[141.9766,42.64167833],[141.97668472,42.64173889],[141.97674584,42.64178251],[141.97692834,42.64190223],[141.97707389,42.64196472],[141.97718834,42.64200417],[141.97734973,42.64206139],[141.9775425,42.64210833],[141.97774555,42.64216556],[141.97801639,42.64221777],[141.97820917,42.64226695],[141.97849555,42.64231917],[141.97886027,42.64237389],[141.97915694,42.64243111],[141.97939139,42.64248833],[141.97965195,42.64253528],[141.97997944,42.64257444],[141.98015139,42.64259528],[141.98034944,42.64260028],[141.98054195,42.64259528],[141.98075027,42.64258472],[141.98103167,42.64254056],[141.98111611,42.64250556],[141.98120861,42.6424675],[141.98129722,42.64237389],[141.98138584,42.64225917],[141.98150555,42.64218639],[141.98166694,42.64214972],[141.98199528,42.64214195],[141.98225584,42.64215222],[141.98246917,42.64214195],[141.98266195,42.64210556],[141.98283917,42.64205333],[141.98311472,42.64197805],[141.98333333,42.64195244],[141.98338027,42.64194695],[141.98362,42.64190528],[141.98381778,42.64185861],[141.98397416,42.64182723],[141.98422944,42.64179833],[141.98439083,42.64180361],[141.98453667,42.64182444],[141.98474501,42.64182444],[141.9849325,42.64178805],[141.98507333,42.64173084],[141.98518914,42.64166667],[141.98526584,42.64162417],[141.98540112,42.64149389],[141.98547416,42.641395],[141.98552611,42.64126722],[141.98563027,42.64109],[141.9858075,42.64098084],[141.98602083,42.6409025],[141.98616167,42.64087917],[141.98630222,42.64084805],[141.98647416,42.64082195],[141.98670333,42.64076972],[141.98676917,42.64074861],[141.98689056,42.64071],[141.98711445,42.64060584],[141.98734888,42.64047833],[141.98747917,42.64037944],[141.98753139,42.64028056],[141.98762501,42.64013223],[141.98777083,42.64000195],[141.98786973,42.63991333],[141.98795306,42.63980139],[141.98804167,42.63967639],[141.98815611,42.63958778],[141.98828639,42.63949667],[141.98842694,42.63944444],[141.98859361,42.63940278],[141.98882805,42.63934333],[141.98904167,42.63928584],[141.98928112,42.63918417],[141.98951555,42.63911639],[141.98973445,42.63909305],[141.9899375,42.63908805],[141.99017195,42.63908805],[141.99052584,42.63909556],[141.99083805,42.63909556],[141.99123917,42.63909861],[141.99145278,42.639135],[141.99164027,42.63915584],[141.99166667,42.6391678],[141.99175472,42.63920778],[141.99192667,42.63926],[141.99208306,42.63928084],[141.99220278,42.63927305],[141.99243722,42.63923639],[141.99262472,42.63924167],[141.99286416,42.63927305],[141.99303083,42.63934056],[141.99320805,42.6394475],[141.99339528,42.63959861],[141.99387973,42.63994444],[141.99441611,42.64032472],[141.99469722,42.64049417],[141.99496805,42.64064528],[141.99519722,42.64073611],[141.99627944,42.64114305],[141.99641333,42.641205],[141.99648083,42.64125972],[141.99668667,42.64145],[141.99694694,42.64166084],[141.99695538,42.64166667],[141.99719944,42.64183528],[141.99754584,42.64206195],[141.99767361,42.64216861],[141.99770501,42.64225723],[141.99767888,42.64234056],[141.99757722,42.64248111],[141.99757027,42.64249751],[141.99734805,42.64302805],[141.99730111,42.64316305],[141.99731167,42.64329084],[141.99741584,42.6435225],[141.99754611,42.64392361],[141.99761389,42.64403556],[141.99775667,42.64422305],[141.99785306,42.64440251],[141.99793112,42.64461111],[141.99795195,42.64468417],[141.99799611,42.64484028],[141.99810056,42.64534805],[141.99818389,42.64557195],[141.99829056,42.64569695],[141.99847278,42.64585028],[141.99875944,42.64604556],[141.9989625,42.64620167],[141.99925139,42.64644944],[141.99949112,42.64667861],[141.99958222,42.64681389],[141.99968861,42.64709528],[141.9997825,42.64743639],[141.99991501,42.64769417],[142.0,42.64804911],[142.00002722,42.64816278],[142.00017027,42.64862111],[142.00024056,42.64893333],[142.00031389,42.64907389],[142.00041528,42.64918584],[142.00057667,42.64944389],[142.00066778,42.64973805],[142.00074083,42.64996722],[142.00075625,42.65],[142.00102722,42.65057667],[142.00112584,42.65076417],[142.00133667,42.65093333],[142.00158416,42.651035],[142.00184722,42.65107917],[142.00200611,42.65113917],[142.00236555,42.65125889],[142.00252944,42.65148277],[142.00256861,42.65161305],[142.00262056,42.65185751],[142.00267778,42.65198778],[142.00275611,42.65207389],[142.00299834,42.65215444],[142.00305805,42.65229778],[142.00308416,42.65241751],[142.00308416,42.65250861],[142.00304778,42.65257111],[142.00303778,42.65258028],[142.00295917,42.65265167],[142.00277167,42.652795],[142.00258944,42.65297723],[142.00251112,42.65310222],[142.00245917,42.65322223],[142.00243555,42.65333417],[142.00238888,42.65352417],[142.00234445,42.65367251],[142.00213611,42.65409195],[142.00205027,42.65435722],[142.00205306,42.65447972],[142.00209222,42.65461],[142.00218333,42.6547375],[142.00246667,42.6551075],[142.00263611,42.65538333],[142.00269083,42.65551889],[142.00269611,42.6556075],[142.00259722,42.65589639],[142.0025475,42.65617],[142.00251361,42.65629223],[142.00245889,42.65638584],[142.00237306,42.65650305],[142.00221944,42.65676611],[142.00217501,42.65694056],[142.00217,42.65709667],[142.00213083,42.65721639],[142.00206056,42.65733889],[142.00198501,42.65741167],[142.00168278,42.65756528],[142.00139111,42.65769805],[142.00070111,42.65819833],[142.00052339,42.65833333],[142.00035222,42.65846333],[142.0,42.6587288],[141.99992027,42.65878889],[141.99983667,42.65886972],[141.99979501,42.65895305],[141.99978195,42.65907805],[141.99978027,42.65926111],[141.99977944,42.65935944],[141.99981834,42.65951805],[141.99990944,42.65960139],[142.0,42.65964333],[142.00004501,42.65966417],[142.00013333,42.65972917],[142.00016195,42.65978917],[142.00020361,42.65991917],[142.00027389,42.660125],[142.00028528,42.66015056],[142.00035195,42.66029944],[142.00043278,42.66036472],[142.00053167,42.66042722],[142.0006775,42.66049751],[142.00084445,42.66057833],[142.00108917,42.66080472],[142.00114389,42.66089333],[142.00113861,42.66097139],[142.00111,42.66115111],[142.00109445,42.66130695],[142.00112056,42.66148917],[142.00127139,42.66192667],[142.00144555,42.66236444],[142.00145861,42.66248944],[142.00143778,42.66257778],[142.00138834,42.66269223],[142.00137278,42.66275751],[142.00139888,42.66282251],[142.00151083,42.66306722],[142.00152027,42.66315944],[142.00153167,42.66326778],[142.00148222,42.66338751],[142.00141195,42.66352556],[142.00137778,42.66364277],[142.00135445,42.66383528],[142.00129889,42.6640025],[142.00126861,42.66409333],[142.00116944,42.66421556],[142.0010575,42.66432251],[142.0009325,42.66440305],[142.00059917,42.66452805],[142.00029973,42.66458805],[142.0,42.66464987],[141.99987,42.66467667],[141.99950333,42.66474167],[141.99918555,42.664825],[141.99902944,42.664885],[141.9989175,42.66495528],[141.99876112,42.66507778],[141.99853195,42.66528333],[141.99820112,42.66547305],[141.99807361,42.66551861],[141.99798111,42.665525],[141.99783,42.66551333],[141.99755639,42.66549277],[141.99729333,42.66549917],[141.99708,42.66553695],[141.99688472,42.66559167],[141.99671416,42.66565667],[141.9964875,42.66579084],[141.99627834,42.66596333],[141.99611027,42.666145],[141.99604778,42.6663325],[141.99596445,42.66650444],[141.99589167,42.66666084],[141.99588694,42.66666667],[141.99571445,42.66687944],[141.99558944,42.66715],[141.99552694,42.66736889],[141.9955375,42.66754584],[141.99557888,42.66787389],[141.99565195,42.66816556],[141.99567278,42.66847805],[141.99563112,42.66879056],[141.99556603,42.66912217],[141.99571416,42.66951751],[141.99573652,42.66956856],[141.99583597,42.66973631],[141.99587278,42.66992361],[141.99583111,42.67005361],[141.99575306,42.67022028],[141.99566445,42.67064223],[141.99567501,42.67080889],[141.9956125,42.67100695],[141.99551861,42.67115777],[141.99545611,42.67132444],[141.99546667,42.67143917],[141.99554973,42.67162139],[141.99578416,42.67187139],[141.9959925,42.67205361],[141.99618501,42.67222],[141.99621111,42.67236584],[141.99619584,42.67254805],[141.99610694,42.67277223],[141.99589861,42.67299084],[141.99548195,42.67340751],[141.99504472,42.67385556],[141.99482584,42.67410028],[141.99463333,42.67423028],[141.99447528,42.67435305],[141.99439889,42.6744125],[141.99419056,42.67462084],[141.99404973,42.67482389],[141.99403852,42.675],[141.99403416,42.67506861],[141.99412805,42.67526667],[141.99429973,42.675475],[141.99451333,42.67564167],[141.99512778,42.67607389],[141.99543528,42.67630305],[141.99550278,42.67649056],[141.99558083,42.67683944],[141.99558608,42.67691489],[141.99559639,42.67706305],[141.99555472,42.67755278],[141.99555472,42.67780777],[141.99553917,42.67824556],[141.99553389,42.67852417],[141.99557306,42.67874556],[141.99563027,42.67889389],[141.99580222,42.67903195],[141.99596416,42.67919167],[141.9959975,42.67922472],[141.99609917,42.67943028],[141.99612778,42.67964139],[141.99614584,42.67981028],[141.99610167,42.67999777],[141.99600778,42.68020361],[141.99591667,42.68035472],[141.99576805,42.680485],[141.99549472,42.68066723],[141.99538805,42.68078972],[141.99533333,42.68095361],[141.99536973,42.68111251],[141.99551056,42.68133639],[141.99574195,42.68160723],[141.99610944,42.68205222],[141.99620445,42.68212167],[141.9962775,42.68215305],[141.99635167,42.68219556],[141.99640667,42.682255],[141.99653139,42.68245861],[141.99664584,42.68267222],[141.9966875,42.68281805],[141.99667722,42.68298472],[141.99664056,42.68310972],[141.99657555,42.68318],[141.99642195,42.68326333],[141.9962775,42.68332861],[141.99626635,42.68333333],[141.99608834,42.68340889],[141.99585639,42.683565],[141.99575501,42.68367722],[141.99572112,42.68381],[141.99578888,42.68402084],[141.99585389,42.68431],[141.99595027,42.68456805],[141.99597639,42.68483584],[141.99594528,42.68495833],[141.99576805,42.68517167],[141.99551555,42.68541389],[141.99525,42.68582777],[141.99507278,42.68617167],[141.99491639,42.68653611],[141.99489694,42.68662556],[141.99488528,42.68667944],[141.99476027,42.68747361],[141.99471333,42.68764],[141.99457,42.68773639],[141.99440861,42.68778333],[141.99416111,42.68785361],[141.99402306,42.68792667],[141.99387501,42.68806223],[141.99373944,42.68824972],[141.99373944,42.68837195],[141.99377861,42.68849444],[141.99374722,42.68864277],[141.99364555,42.6888225],[141.99346834,42.68904084],[141.9934425,42.68918417],[141.99347639,42.68928305],[141.99353111,42.68946528],[141.99356973,42.68963472],[141.99356445,42.68983778],[141.99343944,42.69007223],[141.99344722,42.69020251],[141.99354361,42.69035084],[141.99366361,42.69044722],[141.99372888,42.69055917],[141.99378861,42.69079361],[141.99384083,42.69094195],[141.99385112,42.69111389],[141.99381973,42.69136111],[141.99375722,42.69166667],[141.99374944,42.69170472],[141.99378083,42.69183751],[141.99391112,42.69197556],[141.99408805,42.69217333],[141.99433306,42.69258223],[141.99454639,42.69287639],[141.99484306,42.69321277],[141.99522056,42.69355917],[141.99536639,42.69371],[141.99567888,42.69395472],[141.99591083,42.69405361],[141.99627694,42.69417361],[141.99637472,42.69422584],[141.99655445,42.69435611],[141.99674694,42.69453833],[141.99690584,42.69473361],[141.9970775,42.69503833],[141.99719472,42.69531667],[141.99723639,42.69543639],[141.99722584,42.69556667],[141.99717389,42.69566833],[141.99699167,42.69586111],[141.99656944,42.69626472],[141.99632472,42.69649639],[141.99627667,42.69654528],[141.99622083,42.69665389],[141.99614501,42.69680611],[141.99610056,42.69700917],[141.99613195,42.69720444],[141.99617889,42.69735556],[141.99627667,42.69753056],[141.9963175,42.69755722],[141.99635083,42.69759667],[141.99637778,42.69765305],[141.99637445,42.69776695],[141.99634555,42.69837889],[141.99636639,42.69848584],[141.99640278,42.69857167],[141.99646027,42.69863417],[141.99676222,42.69888167],[141.99686639,42.6989675],[141.99693416,42.69905611],[141.99698889,42.69917056],[141.99702528,42.69930611],[141.99706139,42.69955611],[141.99710555,42.69970944],[141.99719416,42.69995695],[141.99721103,42.7],[141.99733501,42.70031667],[141.9973975,42.70041777],[141.99743639,42.70048028],[141.99748083,42.70049584],[141.99757973,42.70049333],[141.99768139,42.70047278],[141.99780639,42.700405],[141.99826445,42.70025139],[141.99865528,42.70016528],[141.99893139,42.70006667],[141.99910012,42.7],[141.99953805,42.69982695],[141.99970222,42.69975917],[141.9998325,42.69969417],[141.99996,42.69960305],[142.0,42.69955397],[142.00006416,42.69947528],[142.0002725,42.69919944],[142.00038195,42.69905361],[142.0005225,42.69892584],[142.00064472,42.69886639],[142.00074639,42.69885584],[142.00082973,42.69887667],[142.00105888,42.69896528],[142.00135528,42.69912917],[142.00164694,42.69928],[142.00195944,42.69942056],[142.00223834,42.69955084],[142.00228778,42.69960278],[142.00234501,42.69966528],[142.00236333,42.69973305],[142.00240852,42.7],[142.00242555,42.70010056],[142.00248306,42.70034777],[142.00253778,42.70050917],[142.00259416,42.70060805],[142.00272528,42.70083723],[142.00295694,42.70112639],[142.00325889,42.70141556],[142.00345667,42.70153777],[142.00364416,42.70164723],[142.00375112,42.70169667],[142.00380834,42.70177222],[142.00381111,42.70184],[142.0037875,42.70209251],[142.00372501,42.70233472],[142.00365222,42.70249333],[142.00354,42.70275111],[142.00353222,42.70281611],[142.00354,42.70302195],[142.0036,42.70326417],[142.00362611,42.70335],[142.00376667,42.7038475],[142.00383694,42.70406111],[142.00390722,42.70414167],[142.00399056,42.70418333],[142.00440167,42.70425111],[142.00459973,42.70429277],[142.00481834,42.70436305],[142.00543056,42.704665],[142.00558623,42.70472859],[142.00561555,42.70474056],[142.00579501,42.70480584],[142.00602416,42.70486305],[142.00635472,42.70489944],[142.00657112,42.704915],[142.00669333,42.70494361],[142.00686,42.70501667],[142.00735722,42.70523028],[142.00763056,42.70536833],[142.00794584,42.70555584],[142.00802139,42.70564417],[142.00806027,42.70574584],[142.00814389,42.70599861],[142.00824278,42.70619111],[142.00833333,42.70624867],[142.00838611,42.70628223],[142.00862834,42.70642028],[142.00866694,42.70645944],[142.00869584,42.70652444],[142.00869584,42.7065975],[142.00865389,42.70671222],[142.00850306,42.70712584],[142.00838584,42.70728972],[142.00833889,42.70736805],[142.00833333,42.70743114],[142.00833112,42.70745639],[142.00833333,42.70746556],[142.00834944,42.70753195],[142.00844834,42.70769361],[142.00883861,42.70789417],[142.00915778,42.70805861],[142.00953167,42.70825084],[142.00974,42.70832917],[142.00974664,42.70833333],[142.00987278,42.7084125],[142.00997694,42.70849305],[142.01012528,42.70864667],[142.01023973,42.70880028],[142.01042722,42.70918056],[142.0104925,42.70927417],[142.01059139,42.70935223],[142.0109275,42.70951889],[142.01110445,42.70959695],[142.01133888,42.7096675],[142.01179167,42.70975584],[142.01192445,42.70980556],[142.01202333,42.70988084],[142.01218501,42.71002667],[142.01242973,42.71017528],[142.01253756,42.71024269],[142.01261722,42.7102925],[142.01282027,42.71036805],[142.0129425,42.71041222],[142.01299472,42.71046444],[142.01303639,42.71056333],[142.01308861,42.71083639],[142.01310139,42.71102389],[142.01308333,42.71120111],[142.01304416,42.71140167],[142.01303639,42.71145389],[142.01311694,42.71150833],[142.01335416,42.71158917],[142.01384111,42.71176361],[142.01415083,42.71188333],[142.01426278,42.71197444],[142.01429139,42.712055],[142.01429389,42.71216444],[142.01427306,42.71243556],[142.01431472,42.71266472],[142.01439306,42.71284167],[142.01447888,42.71298805],[142.01458056,42.71316195],[142.01481222,42.71361528],[142.01500472,42.71406251],[142.0151325,42.71433861],[142.01519501,42.71437251],[142.01536694,42.71440639],[142.01567667,42.71439084],[142.01582222,42.71438556],[142.01608,42.71433861],[142.01626501,42.71428389],[142.01633778,42.71423472],[142.01649139,42.71412028],[142.01665805,42.71396917],[142.01666667,42.7139638],[142.0167625,42.71390417],[142.01683027,42.71389111],[142.01701778,42.71390695],[142.01749167,42.71393556],[142.01770778,42.71391723],[142.01812973,42.71387805],[142.01862167,42.71380777],[142.01872861,42.71381833],[142.01886416,42.71384944],[142.01896555,42.71386777],[142.01906973,42.71388861],[142.01921555,42.71385722],[142.01953333,42.71374],[142.0197,42.71364389],[142.02013472,42.71334417],[142.02029111,42.71328695],[142.02052278,42.71324777],[142.02096,42.71320389],[142.02119167,42.71320389],[142.02134278,42.71324028],[142.02154333,42.71334972],[142.02209027,42.713675],[142.02234555,42.7138025],[142.02277,42.71390167],[142.02287667,42.71395111],[142.02295472,42.71400584],[142.02300167,42.71410472],[142.02312306,42.71456777],[142.02313195,42.71460195],[142.02318639,42.71501084],[142.02324888,42.715115],[142.02357167,42.71552139],[142.02368111,42.71562028],[142.02387361,42.71575056],[142.02404805,42.71580528],[142.02431917,42.71585472],[142.02464222,42.71589639],[142.02482694,42.71587805],[142.025,42.71582653],[142.0250275,42.71581833],[142.02525667,42.71576861],[142.02532445,42.71577139],[142.02541027,42.71580528],[142.02552222,42.71587278],[142.02575667,42.7160475],[142.02600917,42.71627417],[142.02613139,42.7164225],[142.02620167,42.71653723],[142.02625808,42.71666667],[142.02632416,42.71681833],[142.02638917,42.71689389],[142.02645694,42.71690167],[142.02663389,42.71687833],[142.02681111,42.71684444],[142.02696722,42.71683389],[142.02715222,42.71685222],[142.02724584,42.71687833],[142.02737333,42.71693805],[142.02747501,42.71703444],[142.0276,42.71722195],[142.02777445,42.71747195],[142.02793611,42.71759972],[142.02806611,42.71768556],[142.02821472,42.71771944],[142.02836555,42.71772972],[142.02870917,42.71771944],[142.02927167,42.71761778],[142.02939667,42.71758389],[142.02946445,42.71758667],[142.0296025,42.71763861],[142.02969888,42.71770889],[142.02979778,42.71783667],[142.02993584,42.71811778],[142.03007639,42.71856028],[142.0301625,42.71893],[142.03027944,42.71929972],[142.03035778,42.71937777],[142.03038361,42.71939751],[142.03049834,42.71948472],[142.03075083,42.71960722],[142.03099306,42.71975556],[142.03144333,42.72002111],[142.03159694,42.72009667],[142.03169861,42.72019056],[142.03189389,42.72048722],[142.03208667,42.7209275],[142.03222472,42.72116167],[142.03234445,42.72129972],[142.03245111,42.72137],[142.03261778,42.72142472],[142.03274027,42.72149],[142.03310973,42.72170861],[142.03325555,42.72170861],[142.03333333,42.72169123],[142.03341944,42.72167195],[142.03352889,42.72164611],[142.03369278,42.7216225],[142.03417472,42.72158889],[142.03476083,42.72153139],[142.03526333,42.72145861],[142.03554694,42.72145084],[142.03587,42.72147944],[142.03626584,42.72155223],[142.03637778,42.72154444],[142.03670333,42.72144277],[142.03703167,42.72137528],[142.03722167,42.72136751],[142.03747694,42.72138556],[142.03765361,42.72142472],[142.03779167,42.721495],[142.03790889,42.72158611],[142.03815112,42.72181777],[142.03856501,42.72224],[142.03899501,42.72262805],[142.03910944,42.72270333],[142.03923195,42.72273723],[142.03933,42.72274389],[142.03957555,42.72276084],[142.03992445,42.72282584],[142.04015111,42.72284139],[142.04028917,42.72283111],[142.04062722,42.72279695],[142.04080167,42.72280223],[142.04097639,42.72283084],[142.04118472,42.72290389],[142.04130445,42.72297667],[142.04166667,42.72315361],[142.0417525,42.72319556],[142.04193722,42.72326333],[142.04221861,42.72330751],[142.04245027,42.72333889],[142.04260667,42.72337],[142.0429425,42.72351056],[142.04336694,42.72369556],[142.04356501,42.72384389],[142.04365306,42.72392195],[142.04377027,42.72403917],[142.04380944,42.72412777],[142.04385111,42.72426056],[142.04385111,42.72460695],[142.04383805,42.72471139],[142.04383027,42.72481],[142.04385111,42.72492944],[142.04386331,42.725],[142.04386917,42.72503389],[142.04386888,42.72507389],[142.04386667,42.72529972],[142.04390056,42.72535195],[142.04411416,42.7255575],[142.04449167,42.72589584],[142.04480139,42.72624223],[142.04503861,42.72649195],[142.04517667,42.72655444],[142.04552555,42.72666139],[142.04578056,42.72672639],[142.04590306,42.72679667],[142.04597333,42.72686972],[142.04603306,42.72702584],[142.04606973,42.72726028],[142.04607472,42.72742195],[142.04605139,42.72754167],[142.04597584,42.72770056],[142.04587694,42.72782277],[142.0458275,42.72794],[142.04580667,42.728065],[142.04581944,42.728185],[142.04582472,42.72823417],[142.04589778,42.72842695],[142.04600195,42.72858833],[142.04609027,42.72872861],[142.04610584,42.72877556],[142.04610083,42.72887195],[142.04598611,42.72915833],[142.04588973,42.72935917],[142.04584027,42.72940084],[142.0457725,42.72944777],[142.04556445,42.72948139],[142.04530139,42.72952584],[142.04521528,42.72958833],[142.04513722,42.72971084],[142.04510333,42.72995805],[142.04516584,42.73022111],[142.04523889,42.73033305],[142.04534555,42.73045805],[142.04546555,42.73063],[142.04551501,42.73077333],[142.04559306,42.73091889],[142.04583,42.73116611],[142.04604889,42.73131444],[142.04624139,42.73141084],[142.04629611,42.73145778],[142.04630917,42.73153333],[142.0463037,42.73188689],[142.04630361,42.73189277],[142.04626722,42.73203333],[142.04613445,42.73217917],[142.04580361,42.73236139],[142.04559778,42.73248389],[142.04550416,42.73257222],[142.04542112,42.73267139],[142.04537389,42.73278584],[142.04535056,42.73287167],[142.04537111,42.73301778],[142.04551973,42.73327278],[142.04556205,42.73333333],[142.04568889,42.73351472],[142.04581139,42.73375944],[142.04599389,42.73413195],[142.04602501,42.73422056],[142.04601472,42.73430389],[142.04584778,42.73446805],[142.04570195,42.734585],[142.04566278,42.73465556],[142.04564973,42.73485333],[142.04570195,42.73518139],[142.04570639,42.73519389],[142.04589472,42.73573833],[142.04592639,42.73579556],[142.04609,42.73609251],[142.0462075,42.73638417],[142.04621778,42.73644139],[142.04619944,42.7365275],[142.0461475,42.7366575],[142.04590278,42.73691028],[142.0458975,42.73696251],[142.04592861,42.73704056],[142.04609501,42.73725667],[142.04642834,42.73757195],[142.04671722,42.73778528],[142.04725639,42.73810305],[142.04739694,42.73816556],[142.04784501,42.73819944],[142.04794139,42.738215],[142.0480975,42.738275],[142.04823555,42.73835584],[142.04836584,42.73843139],[142.04853,42.73855111],[142.04904,42.73897028],[142.04927195,42.73918389],[142.04948278,42.73932667],[142.04961027,42.73938389],[142.04977195,42.739405],[142.05,42.73942136],[142.05009722,42.73942833],[142.05030555,42.73945444],[142.05041778,42.73947777],[142.05056083,42.73953528],[142.05074584,42.73964444],[142.05106611,42.73987611],[142.05145944,42.74012111],[142.05167027,42.74021472],[142.05176639,42.74025111],[142.05182361,42.74029556],[142.0518575,42.74035528],[142.05189639,42.74042556],[142.05188861,42.740535],[142.05161778,42.7407825],[142.05124027,42.74111833],[142.05101361,42.74139167],[142.05094861,42.74150111],[142.05089917,42.74166278],[142.05089903,42.74166667],[142.05089389,42.74179805],[142.05093555,42.74189195],[142.05106056,42.74201417],[142.05118306,42.74208444],[142.05139389,42.74218361],[142.05184445,42.74230084],[142.05201639,42.74239444],[142.05224027,42.74256084],[142.05239139,42.742725],[142.05264139,42.74309195],[142.05272973,42.74328195],[142.05290973,42.74365972],[142.05294611,42.74386805],[142.05299555,42.744165],[142.05309416,42.74438639],[142.05350834,42.74472751],[142.0538625,42.74503195],[142.05413861,42.74525084],[142.05429856,42.74533939],[142.05467501,42.74554777],[142.05514639,42.74584444],[142.05531834,42.74589389],[142.05560445,42.74593833],[142.05609389,42.74599305],[142.05635973,42.7460425],[142.05656278,42.74610777],[142.05663306,42.74615444],[142.05678416,42.74625861],[142.05700027,42.74646139],[142.05710694,42.74663611],[142.05718778,42.74681305],[142.05727111,42.74684695],[142.05757584,42.74686277],[142.05782056,42.74684972],[142.05821889,42.74678195],[142.05833333,42.74674269],[142.05836222,42.74673277],[142.05863306,42.74663611],[142.05863611,42.74663444],[142.05882056,42.74654251],[142.05908861,42.74639695],[142.0593775,42.74626417],[142.0595075,42.74623805],[142.05959889,42.74625889],[142.05977333,42.74633944],[142.06007278,42.74655056],[142.06021083,42.74664139],[142.06038278,42.74667778],[142.06052584,42.74668305],[142.06079416,42.74662833],[142.0611275,42.74652167],[142.06138,42.74639417],[142.06157,42.74623777],[142.06169778,42.74616751],[142.06181222,42.74614917],[142.06195555,42.74619361],[142.06202834,42.74624833],[142.06220555,42.74649305],[142.06261139,42.74708167],[142.06266888,42.74721195],[142.06270027,42.74738639],[142.0627025,42.7475375],[142.06266361,42.74776389],[142.0625725,42.74821695],[142.06253083,42.74850056],[142.06262195,42.74863333],[142.06295027,42.74907611],[142.06316361,42.74938333],[142.06315056,42.74943556],[142.06312195,42.74954751],[142.06301278,42.74968028],[142.06287195,42.74984944],[142.06287445,42.74991472],[142.0628875,42.74999805],[142.06288842,42.75],[142.06294222,42.750115],[142.06320501,42.75047195],[142.06360361,42.75091195],[142.06375195,42.75115944],[142.06402027,42.75137305],[142.06406917,42.75141444],[142.06408805,42.75143028],[142.06410361,42.75150584],[142.06410111,42.75170861],[142.0640775,42.75208889],[142.06408805,42.75216695],[142.06416083,42.75234389],[142.06424139,42.75250361],[142.06430445,42.75267751],[142.06453083,42.75320084],[142.06471861,42.75350889],[142.06474555,42.75361833],[142.06476694,42.7538525],[142.06482584,42.75412861],[142.06487416,42.75427972],[142.06511611,42.75444084],[142.06551333,42.75467528],[142.06558861,42.75476361],[142.06562083,42.75490444],[142.06563167,42.75510223],[142.06565861,42.75544611],[142.06573917,42.75563361],[142.0660825,42.75598778],[142.06666667,42.7565158],[142.0668775,42.75670639],[142.0677475,42.75725861],[142.06788722,42.75734195],[142.06806861,42.75739277],[142.06829528,42.75740944],[142.06850472,42.75739389],[142.06868722,42.75742528],[142.0687775,42.75742861],[142.06882694,42.75743028],[142.06946611,42.75731056],[142.06979917,42.75730028],[142.07020639,42.75732],[142.07045445,42.75727417],[142.07060472,42.75727417],[142.07097,42.75740972],[142.07126,42.75750861],[142.07143722,42.757545],[142.07182917,42.75763361],[142.07231778,42.75777417],[142.07245222,42.75781584],[142.07256501,42.75793584],[142.07264027,42.75802917],[142.07280139,42.758295],[142.07281161,42.75833333],[142.07292501,42.75875833],[142.07291944,42.75885751],[142.07283889,42.7589825],[142.07254472,42.75924167],[142.07213555,42.75953444],[142.07191528,42.75978444],[142.07189917,42.75991972],[142.07212472,42.76040944],[142.0722375,42.76062805],[142.0722375,42.76070111],[142.07218389,42.76076861],[142.07206027,42.76083111],[142.07152861,42.76114361],[142.07149639,42.76122195],[142.07153917,42.76189861],[142.07163584,42.76202361],[142.07177,42.76206528],[142.07218861,42.76212251],[142.07225861,42.76214861],[142.07232834,42.76223722],[142.07238195,42.76238833],[142.07237528,42.76252389],[142.07237139,42.76260695],[142.07236584,42.7628725],[142.07241973,42.76302889],[142.07251639,42.76315389],[142.07253805,42.76337778],[142.07261306,42.76372695],[142.07270973,42.76393],[142.07321445,42.7646225],[142.0734775,42.76490889],[142.07361167,42.76498167],[142.07364995,42.76500023],[142.07405222,42.76519528],[142.07422944,42.76532528],[142.07424555,42.76546084],[142.07421333,42.76562223],[142.07409501,42.76576277],[142.07399834,42.76598667],[142.07392888,42.76646611],[142.07386973,42.76657528],[142.07378905,42.76666667],[142.07370861,42.76675778],[142.07358501,42.76683056],[142.07352584,42.76691389],[142.07361722,42.76692444],[142.07378917,42.76690861],[142.07400389,42.76693472],[142.0743775,42.767095],[142.07468056,42.76728889],[142.075,42.76755105],[142.07520111,42.76771611],[142.07556111,42.76795556],[142.07601778,42.76817444],[142.0767375,42.76848167],[142.07743555,42.76891361],[142.07750416,42.76894778],[142.07797805,42.76918444],[142.07803167,42.76927305],[142.07803167,42.76936667],[142.07802083,42.76960639],[142.07806389,42.76974167],[142.07808,42.76989805],[142.07814973,42.77000751],[142.07813361,42.77009084],[142.0781175,42.77028333],[142.07817139,42.77040833],[142.0785525,42.77059584],[142.0789125,42.77078333],[142.07930973,42.77092389],[142.07980917,42.77106972],[142.07993805,42.77112723],[142.07999949,42.77119522],[142.08001333,42.77121056],[142.08005611,42.7713875],[142.08017445,42.7715125],[142.0805075,42.77162223],[142.08072778,42.77167944],[142.08101778,42.77167944],[142.08123778,42.77164305],[142.08156027,42.77158056],[142.08174805,42.77158056],[142.08195222,42.77166389],[142.08250139,42.77215195],[142.08277917,42.77241889],[142.08283278,42.77247084],[142.08285973,42.77265305],[142.08288944,42.77272472],[142.08305361,42.77293056],[142.08333333,42.773098],[142.08334501,42.773105],[142.08451888,42.77384584],[142.08461584,42.77393417],[142.08478222,42.77436139],[142.08483861,42.77443444],[142.08484667,42.77444472],[142.08517973,42.77472611],[142.08537611,42.77484972],[142.08566834,42.77497084],[142.08574172,42.775],[142.08613667,42.77515695],[142.08653861,42.77526251],[142.08729056,42.77558],[142.08807472,42.77595],[142.0884075,42.7762],[142.08866,42.77635084],[142.08899306,42.77656444],[142.08906861,42.77667278],[142.08910056,42.77678833],[142.08904917,42.77683159],[142.08902,42.77685611],[142.08862778,42.77718944],[142.08860111,42.77726223],[142.08868694,42.77748084],[142.08871917,42.77762667],[142.08866528,42.777835],[142.08857389,42.77802251],[142.08839639,42.77814111],[142.08823,42.77822195],[142.08801027,42.77835584],[142.08767167,42.77853278],[142.0874825,42.77857584],[142.08745694,42.77867333],[142.08755306,42.77883639],[142.08787805,42.7791775],[142.08799222,42.77927305],[142.0880525,42.77932333],[142.08820889,42.77958111],[142.08841722,42.78004167],[142.08851472,42.78033472],[142.08855834,42.78059472],[142.08858445,42.78075139],[142.0886275,42.78131917],[142.08875056,42.78245972],[142.08884722,42.78267805],[142.08894805,42.78279917],[142.08907584,42.78287472],[142.08927167,42.782975],[142.08940584,42.78306361],[142.08956027,42.78320028],[142.08965889,42.78333333],[142.08986805,42.78361556],[142.08998611,42.78380305],[142.09019027,42.78404777],[142.0903675,42.78413111],[142.09061973,42.78424584],[142.09083361,42.78439028],[142.0909975,42.78451028],[142.0911675,42.78463639],[142.09123722,42.78478223],[142.09140917,42.7851],[142.09154167,42.78532805],[142.09164027,42.7854125],[142.09166667,42.78546089],[142.09168861,42.78550111],[142.09166667,42.78568303],[142.09165611,42.78577056],[142.09166667,42.7859898],[142.09166694,42.78599556],[142.09170056,42.78625222],[142.09175834,42.78637056],[142.09188195,42.78656333],[142.09196222,42.78669861],[142.09192445,42.78676639],[142.09179555,42.7869175],[142.09166667,42.78702411],[142.09165083,42.78703722],[142.09156528,42.78714028],[142.09152694,42.78730278],[142.09151083,42.78745389],[142.09145722,42.78766751],[142.09148944,42.78790167],[142.09148944,42.78802167],[142.09140888,42.7880425],[142.09111694,42.78806472],[142.09091611,42.78811139],[142.09084333,42.78812833],[142.09082528,42.78815056],[142.09083416,42.78841195],[142.09082889,42.78901084],[142.09080722,42.78912028],[142.09075361,42.78916195],[142.09064083,42.78920361],[142.09047445,42.78931833],[142.09037222,42.78938584],[142.0902575,42.78966861],[142.09007528,42.79035584],[142.09007528,42.79049667],[142.09013501,42.79064723],[142.09014639,42.79088584],[142.09009361,42.79104861],[142.0899425,42.79127111],[142.08980367,42.79144587],[142.08969,42.79158889],[142.08966322,42.79166667],[142.08964694,42.79171389],[142.08967389,42.79174528],[142.08981361,42.79175556],[142.09021083,42.79175556],[142.09069973,42.79178167],[142.09099501,42.79184417],[142.09119389,42.79191695],[142.09166083,42.79202111],[142.09166667,42.79202075],[142.0919025,42.79200556],[142.09228917,42.79196917],[142.09259555,42.79187528],[142.09275111,42.79183889],[142.09287472,42.79183889],[142.09330445,42.79190139],[142.0942875,42.79209389],[142.09454,42.79216695],[142.0947225,42.79226584],[142.0949375,42.79240639],[142.09527,42.79263556],[142.09546889,42.79272],[142.09561361,42.79278139],[142.09578027,42.79281778],[142.09600584,42.79283361],[142.09627973,42.79290111],[142.09674947,42.79303056],[142.0967525,42.79303139],[142.09681694,42.79306278],[142.09677917,42.79315639],[142.09666584,42.79337417],[142.09656944,42.7935225],[142.09650528,42.79369277],[142.0965,42.79377611],[142.09645167,42.79388028],[142.0963925,42.79397944],[142.09616195,42.79412028],[142.09591472,42.79425556],[142.09579111,42.79439111],[142.09576973,42.79451611],[142.09571611,42.79471889],[142.09562472,42.79484917],[142.09536694,42.79506777],[142.09499083,42.7953125],[142.09490501,42.79539584],[142.09492639,42.79543222],[142.09506611,42.79552611],[142.09521639,42.795625],[142.09530778,42.79573972],[142.09541,42.79592195],[142.09540445,42.79619778],[142.09539361,42.79640111],[142.09541472,42.79677084],[142.09541472,42.79684889],[142.09535027,42.79693751],[142.09514639,42.79712472],[142.09495834,42.79742695],[142.09491528,42.79749972],[142.09489222,42.79757917],[142.09491528,42.79769251],[142.09488306,42.79782805],[142.09477027,42.79805723],[142.09470584,42.79811444],[142.09460389,42.79815084],[142.09443195,42.79821861],[142.09428694,42.79832805],[142.09400944,42.79858444],[142.09391639,42.79870278],[142.09371222,42.79912944],[142.09349195,42.79943167],[142.09348112,42.79955139],[142.09351861,42.79962611],[142.09370694,42.79999944],[142.09370713,42.8],[142.09378195,42.80020251],[142.09420639,42.80072333],[142.09431389,42.80088472],[142.09432445,42.80097333],[142.09434611,42.80110889],[142.09428694,42.80146305],[142.09433528,42.80158805],[142.09448027,42.80170278],[142.09474333,42.80184861],[142.09480222,42.80194222],[142.09488278,42.80210333],[142.09496888,42.80221278],[142.09532333,42.80263444],[142.0954575,42.80276472],[142.09554925,42.80278759],[142.09602139,42.80290528],[142.09658,42.80297305],[142.09710639,42.80299917],[142.09731584,42.80299917],[142.09751973,42.80296777],[142.09787416,42.80294195],[142.09836834,42.80294722],[142.09852416,42.80294722],[142.09858306,42.80285889],[142.09864222,42.80262972],[142.09871973,42.80250056],[142.09877195,42.80240695],[142.09886778,42.80237444],[142.0991525,42.80243695],[142.09956861,42.80253723],[142.09979722,42.80256695],[142.1,42.80258364],[142.10011416,42.80259305],[142.10054361,42.80254111],[142.10095722,42.80254111],[142.10106973,42.80256195],[142.10134778,42.80282777],[142.10146722,42.80294195],[142.10163361,42.80309833],[142.1017625,42.80315556],[142.10189667,42.80317111],[142.10249306,42.80321277],[142.10263805,42.80322861],[142.10275611,42.803265],[142.10293333,42.80345251],[142.10311611,42.80359305],[142.10353944,42.80390444],[142.10374778,42.80399556],[142.10413584,42.80424305],[142.10426083,42.80434695],[142.10443528,42.80442223],[142.10457083,42.80454723],[142.10468528,42.80475556],[142.10470639,42.80493556],[142.10475917,42.80509805],[142.10476472,42.80529084],[142.10479694,42.80553028],[142.10489333,42.80580111],[142.10493083,42.80595751],[142.10490944,42.80610333],[142.10485056,42.80624389],[142.10490944,42.806395],[142.1049525,42.80643139],[142.10514056,42.8064575],[142.10529083,42.80650972],[142.10553805,42.80661889],[142.10565083,42.8067075],[142.1057475,42.80692111],[142.10580639,42.80710833],[142.10591389,42.80720722],[142.10604834,42.80729056],[142.10616111,42.80730111],[142.10625222,42.80738944],[142.10644027,42.80743639],[142.10699722,42.80757584],[142.10720278,42.80764472],[142.10730722,42.80770584],[142.1073275,42.80773444],[142.10741222,42.80785305],[142.10745528,42.80793111],[142.10746056,42.80803],[142.10746861,42.80814861],[142.10744876,42.80833333],[142.10743472,42.80846361],[142.10747889,42.80860944],[142.10764834,42.80879584],[142.10772805,42.80892472],[142.10773611,42.80893751],[142.10784167,42.80910833],[142.10791694,42.80928],[142.10798167,42.80943777],[142.10794917,42.80963944],[142.10798139,42.80983223],[142.10802501,42.80983861],[142.10808889,42.80984778],[142.10833333,42.80986064],[142.10838944,42.80986361],[142.10888361,42.80986361],[142.10920584,42.80988944],[142.10965167,42.81004056],[142.11025333,42.810275],[142.11072584,42.81042084],[142.11085472,42.81055584],[142.11090278,42.81062361],[142.11092389,42.81072917],[142.11097278,42.81099861],[142.11108555,42.81114444],[142.11128306,42.81134361],[142.11173888,42.81168723],[142.11218111,42.81206639],[142.11226472,42.81219528],[142.11232083,42.81239444],[142.11228861,42.81250917],[142.11205139,42.81279695],[142.11197694,42.81292056],[142.11186112,42.81312972],[142.11176222,42.81332],[142.11167611,42.81341],[142.11152056,42.81348277],[142.11093416,42.81357528],[142.11078056,42.81361695],[142.11059667,42.813665],[142.11047306,42.81371722],[142.11043555,42.81380028],[142.11044611,42.81395667],[142.11052694,42.81417528],[142.11067195,42.81465972],[142.11065027,42.81477944],[142.11064528,42.81479751],[142.11058584,42.81501389],[142.11054805,42.8154825],[142.11054805,42.81562305],[142.11047805,42.81578444],[142.11037083,42.81593556],[142.11026333,42.81600333],[142.11010222,42.81609167],[142.10995195,42.81620639],[142.10969944,42.81635223],[142.10925722,42.81651751],[142.10891803,42.81666667],[142.10889528,42.81667667],[142.10857222,42.81683805],[142.1085125,42.81690305],[142.10847834,42.81703805],[142.10845861,42.81783111],[142.10852778,42.81804861],[142.10863195,42.81815805],[142.10891528,42.81831528],[142.10947917,42.818555],[142.1097425,42.81866944],[142.10987667,42.81876861],[142.11000027,42.81889861],[142.11004861,42.81903944],[142.11005944,42.81915389],[142.11000555,42.81932056],[142.10987667,42.81959667],[142.10973694,42.81973722],[142.10940944,42.82008084],[142.10933944,42.82019028],[142.10915528,42.82068389],[142.10907195,42.82082444],[142.10912472,42.82097167],[142.10919445,42.82109667],[142.10922667,42.82122167],[142.10919973,42.82138305],[142.10920501,42.82150277],[142.10922639,42.82164333],[142.10938361,42.82202444],[142.10940888,42.82208584],[142.10950584,42.82255444],[142.10953805,42.8227525],[142.10950056,42.82287222],[142.10944416,42.82295944],[142.10939445,42.82307139],[142.10923195,42.82328889],[142.10909222,42.82347639],[142.10911917,42.82362223],[142.10919667,42.82371723],[142.10931389,42.82383444],[142.10937694,42.82400223],[142.10944139,42.82420528],[142.10962917,42.82441361],[142.10988139,42.82467417],[142.11009745,42.825],[142.11012306,42.82503861],[142.11016083,42.82514278],[142.11013389,42.82528361],[142.10994056,42.82561695],[142.10983861,42.82570528],[142.10966667,42.82580444],[142.10950027,42.82583028],[142.10935528,42.82580944],[142.10923694,42.82578361],[142.10907584,42.82570028],[142.10888917,42.82570139],[142.10870694,42.82571167],[142.10854555,42.82583805],[142.10853889,42.82592389],[142.10848,42.8261425],[142.10833472,42.82633],[142.10833333,42.82633433],[142.10831306,42.82639751],[142.10814667,42.82658],[142.10806611,42.82667889],[142.10800694,42.82679861],[142.10788888,42.82697056],[142.10778694,42.82743417],[142.10767834,42.82775584],[142.10766333,42.82801223],[142.10760973,42.82818944],[142.10749694,42.82832444],[142.10725361,42.82859417],[142.10719361,42.82865917],[142.10713889,42.82882584],[142.10711,42.82899639],[142.10708111,42.82930667],[142.10707222,42.82940277],[142.10718,42.82956389],[142.10742694,42.82990778],[142.10777611,42.83027223],[142.10779222,42.83035056],[142.10772778,42.83048584],[142.10755584,42.83072],[142.10748611,42.83077195],[142.10714222,42.83079305],[142.1067825,42.83080333],[142.10657306,42.8309075],[142.10634195,42.83109],[142.10616472,42.83129305],[142.10549861,42.83156389],[142.10523528,42.83166277],[142.10503667,42.83188667],[142.10487555,42.83215223],[142.10471445,42.83274584],[142.10469278,42.83287611],[142.10455333,42.83294889],[142.10439222,42.83298556],[142.10407528,42.83317805],[142.10384416,42.83332917],[142.10383986,42.83333333],[142.10371528,42.83345417],[142.10360805,42.83361056],[142.1035275,42.833855],[142.10348973,42.83405833],[142.1034575,42.83426667],[142.10350056,42.83459444],[142.10348445,42.83469861],[142.10315222,42.83476778],[142.10289889,42.83487056],[142.10268361,42.8349525],[142.10265472,42.83499695],[142.10264445,42.83522611],[142.10264195,42.83582889],[142.10264501,42.83592195],[142.10262167,42.836],[142.10253306,42.83603639],[142.10224667,42.836065],[142.10203834,42.83609889],[142.10185083,42.83616417],[142.10169195,42.83624751],[142.10146528,42.83639805],[142.10135861,42.83647139],[142.10100973,42.83658333],[142.10071528,42.83669],[142.10054083,42.83677333],[142.10029861,42.83695305],[142.10022306,42.83704667],[142.10019167,42.83718472],[142.10018389,42.83738278],[142.10015,42.83764056],[142.10015778,42.83779667],[142.10021778,42.83790889],[142.10039222,42.83808056],[142.10057445,42.83829944],[142.10063964,42.8384195],[142.10069167,42.83851528],[142.10078528,42.83873667],[142.10087361,42.8390725],[142.10097278,42.83943167],[142.10100139,42.83953861],[142.10125667,42.83964278],[142.10182445,42.83983556],[142.10200667,42.83992944],[142.10217861,42.84004139],[142.10225416,42.84011417],[142.10236083,42.84045528],[142.10242584,42.84059056],[142.10255834,42.84079111],[142.1027825,42.84101528],[142.10295416,42.84119223],[142.10300389,42.8412675],[142.10303778,42.84142111],[142.10302722,42.84158778],[142.10300358,42.84166667],[142.10293361,42.84190028],[142.1028383,42.84216392],[142.10279805,42.84227528],[142.10266722,42.84263472],[142.10265472,42.84266861],[142.10261584,42.84287167],[142.10256889,42.84311917],[142.10256639,42.843265],[142.10263667,42.84343667],[142.10269778,42.84352777],[142.10277472,42.84364223],[142.10290472,42.84394167],[142.10305056,42.84431389],[142.10304778,42.84444695],[142.10302195,42.84465805],[142.10305834,42.84482195],[142.10316222,42.84500417],[142.10333167,42.84526195],[142.10346694,42.84546],[142.10371195,42.84573861],[142.10388361,42.84589723],[142.1040425,42.84604833],[142.10418056,42.84621472],[142.10428472,42.84642305],[142.10433667,42.84665222],[142.10441222,42.84689444],[142.10445778,42.84701167],[142.10453472,42.84720972],[142.10467555,42.84742305],[142.10484722,42.84757167],[142.10497472,42.84764444],[142.10528195,42.84774861],[142.10564667,42.84786333],[142.10588889,42.84794917],[142.10630027,42.84802223],[142.10649027,42.84808723],[142.10663611,42.84820167],[142.10670917,42.84840723],[142.10672445,42.84848805],[142.10670361,42.84864444],[142.10664639,42.84884222],[142.10655778,42.84900389],[142.10634445,42.84924333],[142.10608917,42.84960805],[142.10589139,42.84993611],[142.10585805,42.84999639],[142.10585606,42.85],[142.10578195,42.85013389],[142.10575056,42.85039444],[142.10577139,42.85068056],[142.10582888,42.85097222],[142.1057975,42.85114917],[142.10572445,42.85125333],[142.10554222,42.85140972],[142.10542778,42.8516075],[142.10534944,42.85169084],[142.10523501,42.85177417],[142.10499528,42.85187305],[142.10461528,42.85197751],[142.10411528,42.85212861],[142.10360501,42.85231084],[142.10324555,42.85243028],[142.10299555,42.85247195],[142.10277667,42.85247195],[142.10253722,42.85241972],[142.10227667,42.85230528],[142.10183389,42.85207639],[142.10145389,42.8518525],[142.10117778,42.8517275],[142.10090694,42.85164417],[142.10057361,42.85159195],[142.10025008,42.85156687],[142.10024056,42.85156611],[142.10003222,42.85148778],[142.1,42.85146822],[142.09995584,42.85144139],[142.09968834,42.85127944],[142.09935501,42.85105556],[142.09901139,42.85084195],[142.09880306,42.85071695],[142.09856333,42.85062861],[142.09834472,42.85059723],[142.09803222,42.8506025],[142.09771973,42.85059195],[142.09738278,42.85053223],[142.09730834,42.85051889],[142.09712139,42.85048361],[142.09673,42.85040944],[142.09624611,42.85033139],[142.09572,42.85020667],[142.0952825,42.85009722],[142.09499861,42.85008417],[142.0951,42.85034723],[142.0951575,42.85051917],[142.09513667,42.85092028],[142.09508973,42.85136277],[142.09501139,42.85174277],[142.09488111,42.85209167],[142.09477694,42.85225833],[142.09460501,42.85239889],[142.09443834,42.85256556],[142.09407888,42.85293028],[142.09365722,42.85335223],[142.09331861,42.85373723],[142.09309472,42.85406],[142.09296445,42.85417472],[142.09252167,42.85471111],[142.09224027,42.85502889],[142.09203722,42.85538833],[142.09186027,42.85567472],[142.09172472,42.85609111],[142.09169694,42.85626417],[142.09167778,42.85638278],[142.09166667,42.85661347],[142.09165195,42.85691917],[142.09157888,42.85730472],[142.09148,42.85770056],[142.09136555,42.85791417],[142.09120416,42.85809639],[142.0909873,42.85833333],[142.09098528,42.85833556],[142.09096445,42.85841389],[142.09098027,42.85857528],[142.0911725,42.85903861],[142.09121416,42.85932528],[142.09121416,42.85970528],[142.09119861,42.85989277],[142.09108917,42.86018972],[142.09083917,42.86064251],[142.09063083,42.86102278],[142.09053167,42.86125723],[142.09045889,42.86152277],[142.09043278,42.86182472],[142.09042953,42.86195964],[142.0904225,42.86225195],[142.09039639,42.86249667],[142.09037056,42.86274167],[142.09022472,42.86310084],[142.09006834,42.86339251],[142.08989139,42.86364751],[142.08962584,42.86388722],[142.08938083,42.864085],[142.08900056,42.86432472],[142.08888611,42.86448611],[142.08885389,42.86456944],[142.08877139,42.86478305],[142.08864639,42.86513695],[142.08840667,42.86560056],[142.0883025,42.86578277],[142.08797416,42.86608472],[142.08741722,42.86637111],[142.08695361,42.86662111],[142.08686939,42.86666667],[142.08638555,42.86692833],[142.08610445,42.86706917],[142.08568778,42.86731889],[142.08551083,42.86741277],[142.08532333,42.86764195],[142.08512528,42.86785028],[142.08498472,42.86794917],[142.08485445,42.86803777],[142.08459416,42.86801695],[142.08438056,42.86794389],[142.08407861,42.86781361],[142.08380528,42.86773805],[142.08350834,42.86757139],[142.08334973,42.86748028],[142.08333333,42.86747453],[142.08314917,42.86741],[142.08286,42.86739444],[142.08252139,42.86744139],[142.08184694,42.86751944],[142.08161778,42.86755584],[142.08141722,42.86760528],[142.08119333,42.86768084],[142.08092778,42.86781361],[142.08076888,42.86794389],[142.08062306,42.86818056],[142.08058139,42.86833695],[142.08057778,42.86838889],[142.08056584,42.86856861],[142.08056834,42.86868333],[142.08064139,42.86882889],[142.08086,42.86901639],[142.08099555,42.86915695],[142.08107361,42.86928195],[142.08109445,42.86949556],[142.08107889,42.86984972],[142.08105805,42.87065695],[142.08107361,42.87087556],[142.08115694,42.87112556],[142.08132889,42.87134444],[142.08177112,42.87184444],[142.08218278,42.87230778],[142.08259416,42.87279195],[142.08297944,42.87315139],[142.08333333,42.87342486],[142.08343778,42.87350556],[142.08411501,42.87403167],[142.08470481,42.87449911],[142.08475501,42.87453889],[142.08527639,42.87494305],[142.08533083,42.875],[142.08560973,42.87529167],[142.08589112,42.87570305],[142.08617889,42.87604361],[142.08652083,42.87644778],[142.08679639,42.876765],[142.08705195,42.87700528],[142.08732805,42.8771925],[142.08776555,42.87741111],[142.08835445,42.87770278],[142.08871361,42.8780675],[142.08889611,42.87841639],[142.08970333,42.87841139],[142.08987445,42.87840277],[142.09010944,42.87843751],[142.09060416,42.87854667],[142.09098917,42.87870222],[142.09120306,42.87881751],[142.09153112,42.87909361],[142.09166667,42.87917272],[142.09180667,42.87925444],[142.09241139,42.87951528],[142.09259889,42.87965611],[142.09273416,42.87977028],[142.09286778,42.87998639],[142.09291489,42.88006241],[142.09294973,42.88011861],[142.09298611,42.88034],[142.09296,42.88053],[142.09290083,42.88066111],[142.09282639,42.88089722],[142.09277584,42.88105695],[142.09283834,42.88139028],[142.0929425,42.88164028],[142.09310111,42.88179195],[142.09332278,42.88200444],[142.09370834,42.88233278],[142.09398416,42.88252],[142.0941975,42.88275972],[142.09446333,42.88315556],[142.0945627,42.88333333],[142.09466112,42.88350944],[142.09489027,42.88375944],[142.09515584,42.88394695],[142.09554139,42.88411861],[142.09603611,42.88423333],[142.09649472,42.88426972],[142.09710416,42.88424889],[142.09758333,42.88424417],[142.09786973,42.884265],[142.09815584,42.88433777],[142.09853083,42.88453556],[142.09897333,42.88484278],[142.09946306,42.88516028],[142.0996975,42.88525917],[142.09998389,42.88533751],[142.1,42.8853582],[142.10009333,42.88547805],[142.10010389,42.88567084],[142.10010888,42.88612389],[142.10007778,42.88647805],[142.10011944,42.88677972],[142.10008278,42.88719139],[142.10009056,42.88724305],[142.10010389,42.88733195],[142.10029139,42.88739972],[142.10081722,42.88759778],[142.10118195,42.88775917],[142.10151,42.88792056],[142.10198917,42.88823833],[142.10247361,42.88855084],[142.10266111,42.888655],[142.10278083,42.88879556],[142.10297333,42.88925361],[142.1030725,42.88950361],[142.10317667,42.88967028],[142.10338973,42.88985251],[142.10374416,42.89001389],[142.10408278,42.89020139],[142.10443694,42.89042556],[142.10464528,42.89058695],[142.10487944,42.89091],[142.10510361,42.891295],[142.10533278,42.89162305],[142.10537053,42.89166667],[142.10563472,42.89197195],[142.10580639,42.89222722],[142.10599389,42.89258667],[142.10629083,42.89288889],[142.1064575,42.89311277],[142.10666584,42.89344584],[142.10690027,42.89366444],[142.10704584,42.89386167],[142.10707722,42.89390417],[142.10709278,42.89406028],[142.10700445,42.89426361],[142.10649416,42.89474251],[142.10624416,42.89504472],[142.10611389,42.89524778],[142.10585861,42.89556],[142.10584306,42.89570056],[142.10606694,42.89579444],[142.1070775,42.89612777],[142.10763472,42.89632556],[142.10771278,42.89638805],[142.10772834,42.89649223],[142.10754611,42.89706],[142.10736888,42.89791389],[142.10725944,42.8987525],[142.10715027,42.89938778],[142.10699416,42.8997625],[142.1069525,42.89998667],[142.10695355,42.9],[142.10696805,42.90018444],[142.10695326,42.900279],[142.10694195,42.90035111],[142.1068325,42.90052305],[142.10661888,42.90067917],[142.10631722,42.90072833],[142.10627528,42.90079917],[142.10628584,42.90085639],[142.10655139,42.90092139],[142.10665778,42.90098],[142.10678306,42.90104917],[142.1070825,42.90132],[142.10737416,42.90173111],[142.10752528,42.90209056],[142.10765528,42.90246556],[142.10774389,42.90256444],[142.10794722,42.90267917],[142.10819722,42.90275195],[142.10833333,42.90277605],[142.10869722,42.90284056],[142.10924888,42.90293944],[142.10959278,42.90303333],[142.11003528,42.90321556],[142.11045722,42.90343944],[142.11067611,42.90353833],[142.11115472,42.90367389],[142.11170167,42.90379889],[142.11201416,42.90385611],[142.1122225,42.90392389],[142.11227472,42.90406972],[142.11223778,42.90475695],[142.11222222,42.90498084],[142.11223778,42.90521],[142.11231611,42.90542361],[142.11240472,42.90560584],[142.11238389,42.90576195],[142.11231611,42.90591305],[142.11216,42.90609028],[142.11198278,42.906335],[142.11191501,42.90654861],[142.11188361,42.90676695],[142.11188,42.90703305],[142.11187861,42.90714723],[142.11186805,42.90737139],[142.11181083,42.90762639],[142.11177944,42.90792861],[142.11176389,42.90814222],[142.11180678,42.90833333],[142.11182111,42.90839723],[142.11195112,42.90857444],[142.11199278,42.90869944],[142.11200333,42.90890222],[142.11194611,42.90918333],[142.11182111,42.90936028],[142.11168027,42.90951139],[142.11148778,42.90974584],[142.11139917,42.90988111],[142.11140445,42.91003223],[142.11151389,42.91048028],[142.11152944,42.91075639],[142.11146694,42.91095389],[142.11131584,42.91115695],[142.11114389,42.91132361],[142.11110222,42.91144333],[142.1111125,42.91170389],[142.11109167,42.911855],[142.11099805,42.91206861],[142.11086278,42.91230278],[142.11077944,42.91245917],[142.11065944,42.91286528],[142.11058667,42.91326611],[142.11052917,42.91370361],[142.11044056,42.91405278],[142.11035195,42.91441723],[142.11039361,42.91466723],[142.11053445,42.91484944],[142.11075306,42.91490695],[142.11108639,42.91490167],[142.11149639,42.91486028],[142.11155,42.91485472],[142.11190917,42.91486528],[142.11221639,42.9149225],[142.11238306,42.91501611],[142.11253917,42.91514639],[142.11279973,42.91532361],[142.11338805,42.91568778],[142.11371112,42.91595361],[142.11388278,42.91608361],[142.11411167,42.91619305],[142.11441056,42.91630167],[142.11487139,42.91637472],[142.11516416,42.91646917],[142.11554939,42.91666667],[142.11558083,42.91668277],[142.11588278,42.91684417],[142.11620027,42.91700028],[142.11645027,42.91718778],[142.11666667,42.9174432],[142.11671056,42.917495],[142.11685891,42.91765811],[142.11686694,42.91766695],[142.11704917,42.91778667],[142.11742416,42.91784917],[142.11766889,42.91789084],[142.11795027,42.91797417],[142.11838722,42.91815139],[142.11852361,42.91826444],[142.11872056,42.91842723],[142.11892389,42.91864611],[142.11911639,42.91888028],[142.11928167,42.91915167],[142.11933805,42.91922417],[142.11943278,42.91930084],[142.11963139,42.91935722],[142.11993139,42.91939111],[142.12011416,42.91941361],[142.12037139,42.91939111],[142.12068501,42.91929611],[142.12098973,42.91922389],[142.12125528,42.91918056],[142.12180584,42.91921084],[142.1223475,42.91923695],[142.1225975,42.91922139],[142.12365472,42.91933584],[142.12430555,42.91935667],[142.125,42.91930156],[142.12535222,42.91927361],[142.12603973,42.91932028],[142.12640445,42.91937778],[142.12683667,42.91941417],[142.12704501,42.91941417],[142.12727944,42.91947667],[142.12737834,42.91965361],[142.12740416,42.91978389],[142.1273675,42.92003361],[142.12720083,42.92050251],[142.12722167,42.92065861],[142.1273675,42.92078889],[142.12755,42.92094528],[142.12766973,42.92108556],[142.12777917,42.9212575],[142.12784694,42.92171584],[142.1278,42.922065],[142.12775584,42.92240889],[142.12776611,42.92247861],[142.12783111,42.92256195],[142.12790389,42.92262195],[142.12818501,42.92273667],[142.12867167,42.92291667],[142.12880501,42.92296584],[142.12909139,42.92306472],[142.12940917,42.92317417],[142.12973722,42.92334584],[142.1302525,42.92360639],[142.13129416,42.92394],[142.13198667,42.92415333],[142.13305416,42.92434584],[142.13324167,42.92442417],[142.13333333,42.92448025],[142.13340333,42.92452305],[142.13349694,42.92467417],[142.13355416,42.92480944],[142.13368445,42.92495528],[142.13377567,42.925],[142.13393944,42.92508028],[142.13435611,42.92526278],[142.13468944,42.92548139],[142.13485112,42.92564805],[142.13524694,42.92609584],[142.13537195,42.92623111],[142.13554888,42.926325],[142.13578834,42.92647084],[142.13656416,42.92686667],[142.13721,42.92711639],[142.13748611,42.92717389],[142.13775167,42.92718944],[142.1380225,42.9271625],[142.1382775,42.92713723],[142.13891278,42.927075],[142.13925139,42.92709584],[142.13972027,42.92705444],[142.13993888,42.9270075],[142.14065778,42.92683056],[142.14102722,42.92672639],[142.14142306,42.92660139],[142.14160528,42.92652333],[142.14166667,42.92650784],[142.1421,42.92639833],[142.14233973,42.92631472],[142.14244888,42.92624722],[142.14254278,42.92612723],[142.14261056,42.92603361],[142.14273027,42.92597139],[142.14313139,42.92583084],[142.14337611,42.92583084],[142.14379805,42.92586195],[142.1445425,42.92614861],[142.14464156,42.92618164],[142.1446675,42.92619028],[142.14482889,42.92626833],[142.14493834,42.92638278],[142.14495389,42.92657556],[142.14502167,42.92689805],[142.14511027,42.92715861],[142.14520389,42.92745528],[142.14538111,42.92796084],[142.14536528,42.92815861],[142.14511528,42.92865861],[142.14506306,42.929015],[142.14505834,42.92920778],[142.14505778,42.92923667],[142.14511306,42.92950139],[142.14513584,42.92961139],[142.14527139,42.92998139],[142.14527667,42.93018972],[142.14518278,42.93037723],[142.14505778,42.93062195],[142.14508389,42.93137167],[142.14508917,42.93158528],[142.14499027,42.93190305],[142.14484944,42.93214222],[142.1449325,42.93247056],[142.14532834,42.93270723],[142.14564083,42.93296528],[142.14605086,42.93333333],[142.14628139,42.93354028],[142.14654694,42.93383],[142.14666139,42.93399667],[142.14669778,42.93412667],[142.14669778,42.93425695],[142.14658333,42.93435584],[142.14626056,42.93453278],[142.14612,42.93465777],[142.1460575,42.93482972],[142.14602611,42.93497028],[142.14594805,42.93506917],[142.14564584,42.93529305],[142.14520834,42.93572251],[142.14491667,42.93598084],[142.14479694,42.93614751],[142.14475,42.93629333],[142.14477611,42.93648584],[142.14481139,42.93694444],[142.1448125,42.93695972],[142.14478639,42.93729805],[142.14479694,42.93755333],[142.14478139,42.93776667],[142.1446825,42.93799084],[142.14413555,42.938345],[142.14399501,42.93845417],[142.1439375,42.9385325],[142.14392195,42.93862611],[142.14405222,42.93876167],[142.14427083,42.93919361],[142.14427083,42.9395425],[142.14420834,42.93978444],[142.14415111,42.94037056],[142.14414056,42.94070389],[142.14417722,42.94088611],[142.14417195,42.94121944],[142.14408306,42.94163305],[142.1440693,42.94166667],[142.14393586,42.94199305],[142.14389555,42.94209167],[142.14384861,42.94223751],[142.14383306,42.94259167],[142.14376027,42.94291723],[142.14371861,42.94307861],[142.14370278,42.94326611],[142.14376027,42.94344861],[142.14384361,42.94370361],[142.14385389,42.94390667],[142.14389555,42.94400028],[142.14415083,42.94432861],[142.14443195,42.94455777],[142.14458834,42.94472444],[142.14463,42.94490667],[142.14464639,42.94531889],[142.14466611,42.94580251],[142.14464027,42.94596389],[142.14457778,42.94606278],[142.14439027,42.946115],[142.14424944,42.94623972],[142.14388501,42.94685417],[142.1437025,42.94713028],[142.14367639,42.9473075],[142.14374416,42.94765639],[142.14403083,42.94822944],[142.14433805,42.94876556],[142.14449445,42.94892167],[142.14497861,42.94908333],[142.14527,42.949125],[142.1455875,42.94914056],[142.14566584,42.94917195],[142.1457075,42.94924472],[142.14581667,42.94941667],[142.14604584,42.94961444],[142.14666056,42.94997389],[142.14671205,42.95],[142.14704083,42.95016667],[142.14741584,42.95028667],[142.14760306,42.95039584],[142.14786861,42.95051584],[142.14830112,42.95065111],[142.14854056,42.95064056],[142.14876445,42.95060944],[142.14897278,42.95057305],[142.14918639,42.95059389],[142.14938944,42.95064056],[142.14976973,42.95084889],[142.14982722,42.95087667],[142.14994139,42.95093223],[142.15,42.95101456],[142.15013416,42.95120305],[142.15044139,42.95171889],[142.15070167,42.95202611],[142.15081112,42.95221889],[142.15086834,42.95235417],[142.15085805,42.95247917],[142.15079027,42.95268222],[142.15085278,42.95274972],[142.15170694,42.95318195],[142.15192056,42.95331222],[142.15213917,42.95358833],[142.15232667,42.95436695],[142.15243584,42.95465611],[142.15252944,42.95475],[142.15264944,42.95478639],[142.1531025,42.95470305],[142.15382639,42.95448944],[142.15415973,42.95442695],[142.15492027,42.95443222],[142.15528333,42.95444469],[142.15568027,42.95445833],[142.15604472,42.95433361],[142.15640944,42.95412528],[142.15689389,42.95397417],[142.15732611,42.95387028],[142.15753333,42.95377195],[142.15762306,42.95372944],[142.15786778,42.95355778],[142.15813333,42.95329723],[142.15830805,42.95317195],[142.15833333,42.95317031],[142.15854472,42.95315667],[142.15881555,42.95308889],[142.15901361,42.95299],[142.15908639,42.95278167],[142.15908667,42.95228195],[142.15922722,42.95214639],[142.15947195,42.95201639],[142.15980528,42.95177667],[142.16029501,42.95126639],[142.16060222,42.95100584],[142.16080027,42.95085528],[142.1609825,42.95076139],[142.16130027,42.95069361],[142.16154472,42.95069889],[142.16181027,42.95068833],[142.16224778,42.95057389],[142.16242472,42.95055833],[142.16257584,42.95057389],[142.16268528,42.95065195],[142.16276861,42.95093833],[142.16283111,42.95106333],[142.16321139,42.95157389],[142.16352389,42.95192778],[142.16380501,42.95222472],[142.16396112,42.95256861],[142.16402333,42.95281333],[142.16417973,42.95301667],[142.16439834,42.95314667],[142.16471973,42.95322805],[142.16481,42.95325084],[142.16510167,42.95324584],[142.16560667,42.95315195],[142.16595056,42.95305278],[142.16610694,42.95305805],[142.16632555,42.95314139],[142.16665889,42.95323],[142.16666667,42.95323031],[142.16693472,42.95324028],[142.16719501,42.95322472],[142.16741917,42.95322472],[142.16766389,42.95325084],[142.16784083,42.95332889],[142.16803361,42.95344861],[142.16811694,42.95368833],[142.1681275,42.95419889],[142.16816389,42.95441222],[142.16824195,42.95463111],[142.16841917,42.95483417],[142.16872112,42.95507389],[142.16889278,42.9551625],[142.16902805,42.95532917],[142.1690662,42.9555675],[142.16913222,42.95598],[142.16918973,42.95616251],[142.16939805,42.95645417],[142.16964278,42.95673],[142.16995,42.95700084],[142.17016361,42.95727139],[142.17034083,42.95734944],[142.17054389,42.95739111],[142.17074694,42.95735472],[142.17136639,42.95703723],[142.17175195,42.95686556],[142.1720775,42.95661611],[142.17208501,42.95661028],[142.17224667,42.95650084],[142.17242361,42.95646444],[142.17259555,42.95644361],[142.17304861,42.95649584],[142.17332472,42.95658417],[142.17409027,42.95706361],[142.17449667,42.95719361],[142.17472555,42.95729277],[142.17492861,42.95739389],[142.175,42.95741808],[142.17547555,42.95757917],[142.1759025,42.95780305],[142.17625667,42.95802695],[142.17631917,42.95814889],[142.17636611,42.95832389],[142.1763665,42.95833333],[142.17638167,42.95868861],[142.17642861,42.95881361],[142.17666306,42.95908944],[142.17687639,42.95918861],[142.17727722,42.95930833],[142.17765222,42.95933944],[142.17801399,42.95928647],[142.17804306,42.95928223],[142.17842306,42.95914167],[142.17874611,42.95905333],[142.17899611,42.95900639],[142.17942306,42.95893861],[142.17962639,42.95889195],[142.17991805,42.95863667],[142.18015778,42.95841277],[142.18034455,42.95833333],[142.18036611,42.95832417],[142.18062611,42.95825361],[142.18078778,42.95825139],[142.1810275,42.95820444],[142.18110445,42.95818472],[142.18125139,42.9581475],[142.18141278,42.95800167],[142.18161611,42.95778277],[142.18177222,42.95753805],[142.18185555,42.95746],[142.18205861,42.95741833],[142.18225639,42.95741278],[142.18269889,42.95750361],[142.18293083,42.95755833],[142.18316778,42.95764195],[142.18333167,42.957725],[142.18333333,42.9577248],[142.18338112,42.95771972],[142.18342278,42.95765472],[142.18348528,42.95734751],[142.18352195,42.95696],[142.18353222,42.95682444],[142.18358973,42.95668667],[142.18378501,42.95636917],[142.18380333,42.95618417],[142.18375611,42.95598333],[142.18362361,42.955835],[142.18353778,42.95566056],[142.18352472,42.95544444],[142.18355611,42.95530111],[142.18370445,42.95508222],[142.18417834,42.95471805],[142.18422778,42.95454361],[142.18423555,42.95428584],[142.18420445,42.95412167],[142.18413139,42.95391084],[142.18409501,42.95372084],[142.18411584,42.95349667],[142.18409501,42.95331972],[142.18401694,42.95298639],[142.18399611,42.95288223],[142.18405861,42.95278333],[142.18456389,42.95251777],[142.18492306,42.952315],[142.18513667,42.95214305],[142.18545112,42.95189223],[142.1857825,42.9516275],[142.18616805,42.95146584],[142.18635528,42.95141389],[142.18649584,42.95140333],[142.18668861,42.95147611],[142.18727722,42.95187195],[142.18778222,42.95226778],[142.18840722,42.95268472],[142.1891675,42.95276277],[142.18962584,42.95272111],[142.18985501,42.95278361],[142.19019333,42.95292917],[142.1906675,42.95326778],[142.19128167,42.9535125],[142.19149,42.95361167],[142.19166667,42.95368223],[142.19167222,42.95368444],[142.19177139,42.95365833],[142.19276611,42.95275778],[142.19290139,42.95250277],[142.19304722,42.95236723],[142.19325056,42.95229444],[142.19349192,42.95229444],[142.19366722,42.95229444],[142.19458416,42.95251028],[142.19475027,42.95254944],[142.19523472,42.95259639],[142.19550555,42.95259111],[142.19587528,42.95255472],[142.19632834,42.95257556],[142.19654139,42.95265889],[142.19688528,42.95289333],[142.19699472,42.95306],[142.19707805,42.95331528],[142.19715083,42.95347667],[142.19728112,42.95353917],[142.19771333,42.95348167],[142.19793472,42.95344],[142.19819,42.95342444],[142.19845306,42.95344],[142.19868722,42.95350251],[142.19882778,42.95353417],[142.19918195,42.95339361],[142.19976528,42.95309139],[142.2,42.95294736],[142.20006222,42.95290917],[142.2005725,42.95252889],[142.20093195,42.95232056],[142.20122361,42.95226861],[142.20155195,42.95227417],[142.20194222,42.95232611],[142.20229112,42.952425],[142.2024475,42.95252389],[142.20266083,42.95283084],[142.20274944,42.95298723],[142.20296306,42.95306],[142.20319222,42.95308084],[142.20339528,42.95314861],[142.20356722,42.95324222],[142.20388611,42.95347528],[142.20389501,42.95348195],[142.20413445,42.95351833],[142.20436361,42.95346139],[142.20466584,42.95336251],[142.20482195,42.95337277],[142.20493667,42.953425],[142.20515,42.95370084],[142.20528027,42.95389333],[142.20545222,42.95401833],[142.2058375,42.95420584],[142.20606667,42.95427361],[142.20642083,42.95467472],[142.20650416,42.95486222],[142.20641555,42.95512778],[142.20625416,42.95532056],[142.20598834,42.95556528],[142.20601973,42.95590389],[142.2060875,42.95608611],[142.20628528,42.95621639],[142.20705083,42.95650277],[142.20727501,42.95661723],[142.2077225,42.95702889],[142.20831083,42.95773167],[142.20833333,42.95774859],[142.20887861,42.95815889],[142.20893392,42.95833333],[142.20907667,42.95878361],[142.20907139,42.95897639],[142.2093475,42.95904417],[142.20973278,42.95910667],[142.20998416,42.95921084],[142.21003472,42.95923195],[142.21047222,42.95964333],[142.21086278,42.95991944],[142.21101389,42.96003389],[142.21113888,42.96011722],[142.21174306,42.96008611],[142.21193027,42.96003389],[142.21215944,42.95972667],[142.21233112,42.95962751],[142.21262278,42.95963805],[142.21283639,42.95972139],[142.21316445,42.96000778],[142.21355,42.96017444],[142.21377389,42.96031],[142.21388861,42.96061723],[142.21402944,42.96070056],[142.21456027,42.96085667],[142.21498222,42.96100777],[142.21520611,42.96115361],[142.21526083,42.96116389],[142.2153625,42.96117167],[142.21545611,42.96119778],[142.21557333,42.96124723],[142.21590944,42.96132028],[142.21659667,42.96128639],[142.21666667,42.96129892],[142.21711973,42.96138],[142.21737501,42.96138],[142.21784639,42.96127584],[142.21825778,42.96136195],[142.21858584,42.96152861],[142.2189975,42.96187251],[142.21923555,42.96202528],[142.21940333,42.96213278],[142.21964306,42.96220056],[142.21985639,42.96225777],[142.22062222,42.9623725],[142.22134083,42.96250277],[142.22157,42.96258084],[142.22187694,42.96271111],[142.22230416,42.96277361],[142.22311167,42.96277861],[142.22355944,42.96281528],[142.22367416,42.96288305],[142.22372333,42.96292667],[142.22371584,42.96311722],[142.22361167,42.96390361],[142.22348139,42.96428917],[142.22349694,42.96462777],[142.22358,42.96498695],[142.22354889,42.96517417],[142.22345501,42.96539],[142.22331611,42.96563917],[142.22323611,42.96578361],[142.22312944,42.96613223],[142.22322584,42.96630444],[142.22337667,42.966445],[142.22349667,42.96652278],[142.22360584,42.96662723],[142.22363056,42.96666667],[142.22365805,42.96671056],[142.22366611,42.96683028],[142.22363722,42.96697084],[142.22358501,42.96714277],[142.22324639,42.967705],[142.22319222,42.96778833],[142.22312139,42.96789777],[142.22309027,42.96812695],[142.22319973,42.96887167],[142.22333528,42.96978805],[142.22343944,42.97022556],[142.22352528,42.97028805],[142.22365306,42.97023611],[142.22404056,42.97001722],[142.22425167,42.96994972],[142.22448611,42.96987944],[142.22471528,42.96984584],[142.22490778,42.969825],[142.225,42.96985028],[142.22504861,42.96986361],[142.22518888,42.96993972],[142.22538167,42.97009056],[142.22564222,42.97037167],[142.22584,42.97049667],[142.22603278,42.97055917],[142.22632445,42.97057472],[142.22668361,42.97058028],[142.2271575,42.97050222],[142.22734501,42.97051777],[142.22756361,42.97061667],[142.2277825,42.97086667],[142.22781889,42.97099167],[142.22796472,42.97115805],[142.22815297,42.97126386],[142.22842834,42.97141861],[142.22904778,42.97173611],[142.22914416,42.97175667],[142.22924056,42.97174139],[142.2294175,42.97164778],[142.22964667,42.97154889],[142.22999555,42.97147084],[142.2302425,42.97145639],[142.23069112,42.97143],[142.23095667,42.97142222],[142.23133973,42.97137556],[142.23233944,42.9713925],[142.23259861,42.97141056],[142.23293306,42.97149139],[142.23333333,42.97165356],[142.23334445,42.97165805],[142.23355778,42.97186139],[142.23372973,42.97216333],[142.23389112,42.97229361],[142.23424639,42.97246917],[142.23464611,42.97276222],[142.23493805,42.9730125],[142.23509027,42.97314111],[142.23516056,42.97317889],[142.23525834,42.973175],[142.2355525,42.97314805],[142.23582861,42.9731375],[142.2361725,42.97319472],[142.23638083,42.97329889],[142.23666195,42.97358028],[142.23687,42.97372084],[142.23700555,42.97375195],[142.23721389,42.97375195],[142.23762528,42.97371556],[142.23786472,42.97372584],[142.23804722,42.97383528],[142.23822416,42.97396556],[142.23841167,42.97409056],[142.23864083,42.97416861],[142.2389325,42.97418417],[142.23912528,42.97414277],[142.23946889,42.97392917],[142.23984416,42.97381611],[142.24085416,42.97351251],[142.24134361,42.97330917],[142.24166667,42.97312386],[142.24229667,42.9727625],[142.24265861,42.97258528],[142.24297639,42.97246305],[142.24318472,42.97242389],[142.24341278,42.97241222],[142.24348917,42.97241333],[142.24359056,42.97240305],[142.24373389,42.97223389],[142.24391639,42.97209084],[142.24411667,42.97198889],[142.24428083,42.97191333],[142.24447361,42.97186695],[142.24465306,42.97181972],[142.24480694,42.97173667],[142.24498917,42.97154917],[142.24520805,42.97104944],[142.2453225,42.97084111],[142.24540584,42.97058584],[142.24561917,42.97028917],[142.24589528,42.97019],[142.24612973,42.97015584],[142.24624056,42.97021305],[142.2463975,42.97016111],[142.24653306,42.97005167],[142.2466425,42.96989556],[142.24671528,42.96964028],[142.24681944,42.96904167],[142.24692389,42.96873944],[142.24719584,42.96853889],[142.24749667,42.96847917],[142.2478925,42.96832277],[142.24822389,42.9681775],[142.24844278,42.96810722],[142.24867694,42.96798223],[142.24896528,42.96784917],[142.2491875,42.96770139],[142.24947027,42.96757305],[142.24984528,42.96747417],[142.25,42.96744123],[142.2506525,42.96730222],[142.25101027,42.96723528],[142.25127222,42.96721361],[142.25178278,42.96722417],[142.25209,42.96731251],[142.25230811,42.9674008],[142.25230888,42.96740111],[142.25253861,42.96744333],[142.25278306,42.96743833],[142.25317389,42.96738139],[142.25343889,42.96731833],[142.25371306,42.96719111],[142.25396027,42.96713139],[142.25421306,42.96708167],[142.25454306,42.96693277],[142.25466083,42.96688889],[142.25493416,42.96670139],[142.25504039,42.96666667],[142.25509306,42.96664944],[142.25522528,42.96661972],[142.25525445,42.96661305],[142.25530481,42.96666667],[142.2555775,42.96695695],[142.25577027,42.96711805],[142.25605306,42.96729223],[142.2562875,42.967485],[142.25649056,42.96768805],[142.25669445,42.96795944],[142.25680834,42.96820861],[142.25684501,42.96841695],[142.25673528,42.96914084],[142.25662584,42.96967222],[142.25650083,42.96994305],[142.25645917,42.97010972],[142.25642306,42.97051056],[142.25633445,42.97097944],[142.25640722,42.97140611],[142.25679222,42.972255],[142.25693306,42.97256751],[142.25696944,42.97271333],[142.25702167,42.97292695],[142.25708944,42.97311444],[142.25728278,42.97349528],[142.25775056,42.97419778],[142.25792278,42.97448917],[142.25805805,42.97482028],[142.25813136,42.975],[142.25827139,42.97534333],[142.25833333,42.97564259],[142.25833389,42.97564528],[142.25838584,42.97574444],[142.2585525,42.97601528],[142.25868333,42.97610444],[142.25919888,42.97625277],[142.25950112,42.97635972],[142.25975416,42.97642472],[142.25994139,42.97651584],[142.2601575,42.97660944],[142.26031889,42.97671361],[142.26038056,42.97679639],[142.26051611,42.97695805],[142.26067195,42.97709333],[142.26104,42.97745861],[142.26111278,42.97762222],[142.26128195,42.977995],[142.26131778,42.97843167],[142.26137528,42.97917639],[142.26138584,42.97936917],[142.26134222,42.97957805],[142.26134472,42.97976056],[142.26138389,42.97988028],[142.26147416,42.97998889],[142.26184917,42.98035333],[142.26193222,42.980525],[142.26201361,42.98130695],[142.26208917,42.98157777],[142.26218805,42.98180417],[142.26227917,42.98193444],[142.26236778,42.98210917],[142.26246917,42.98226528],[142.26257306,42.98233639],[142.26276555,42.98246805],[142.26366944,42.98288],[142.26384667,42.98297889],[142.26447361,42.98329611],[142.26457358,42.98333333],[142.26482278,42.98342611],[142.26522361,42.98353556],[142.26541639,42.98358777],[142.26593195,42.98363972],[142.26637944,42.98367084],[142.26666667,42.98370344],[142.2667025,42.9837075],[142.26698888,42.98374917],[142.26714,42.98378028],[142.26748361,42.98392084],[142.26767112,42.98406167],[142.26809306,42.98440556],[142.26913973,42.98538972],[142.26934361,42.98563778],[142.26952584,42.98577805],[142.2696925,42.98592917],[142.27001805,42.98618167],[142.27023333,42.98629056],[142.27057195,42.98639472],[142.27078458,42.98651428],[142.27084611,42.98654889],[142.27106973,42.98665056],[142.27123889,42.98678861],[142.27154639,42.98699667],[142.27162722,42.98703278],[142.27178584,42.98710361],[142.27192667,42.98713722],[142.27204112,42.98713223],[142.27232222,42.98706972],[142.27330667,42.98678889],[142.27354639,42.98670028],[142.27368445,42.98663528],[142.27384778,42.98653056],[142.27411139,42.98614028],[142.27421306,42.98597111],[142.27435361,42.98580195],[142.27451445,42.98559305],[142.27493195,42.98513528],[142.275,42.98509214],[142.27505944,42.98505444],[142.27525694,42.98503084],[142.27557222,42.98507556],[142.27582472,42.98509111],[142.27604333,42.98505972],[142.27626722,42.98494],[142.27648861,42.98479139],[142.2767675,42.98454444],[142.2770775,42.98425778],[142.27720167,42.98402028],[142.27726511,42.98368761],[142.2773327,42.98333333],[142.27748278,42.98254639],[142.27758778,42.98235444],[142.27776416,42.98219222],[142.27829888,42.98190889],[142.27863195,42.98170361],[142.27891027,42.98157833],[142.27910805,42.98148917],[142.27953584,42.981305],[142.27979,42.981125],[142.28012944,42.98097195],[142.28052472,42.98072389],[142.28126416,42.98032805],[142.28151416,42.98022389],[142.28173778,42.98009889],[142.28167555,42.97950528],[142.2817225,42.9791825],[142.28205584,42.97842722],[142.28213917,42.97809917],[142.28213917,42.977875],[142.28205056,42.97770833],[142.28173805,42.977495],[142.28138389,42.97718751],[142.28119112,42.97704722],[142.28089944,42.97691695],[142.28064944,42.97679195],[142.28059778,42.97656833],[142.28088222,42.97595417],[142.28092584,42.97579751],[142.28087389,42.97555277],[142.28078,42.97537028],[142.28069667,42.97520889],[142.28081973,42.97504778],[142.28088511,42.975],[142.28101973,42.97490167],[142.28115501,42.97465167],[142.28125472,42.97441805],[142.28145195,42.97424056],[142.28179889,42.97424889],[142.28188611,42.97424028],[142.28208805,42.97422028],[142.28235834,42.97399084],[142.28257139,42.97386028],[142.2829725,42.97372472],[142.28316861,42.97362111],[142.28333333,42.97352105],[142.28338722,42.97348833],[142.28363139,42.97335472],[142.2838325,42.97328528],[142.28415472,42.97306889],[142.28333333,42.972399],[142.28325416,42.97233444],[142.28314472,42.97211028],[142.2830875,42.97189167],[142.28311389,42.97179584],[142.28327555,42.97126722],[142.28317056,42.97111056],[142.2829675,42.97097],[142.28280611,42.97074584],[142.28270694,42.97056361],[142.28278333,42.97041611],[142.28304027,42.96992333],[142.28333333,42.96948917],[142.28348333,42.96926695],[142.28369167,42.96904305],[142.28377555,42.96895777],[142.28382694,42.96886584],[142.28391027,42.96832972],[142.28394139,42.96811611],[142.28394139,42.96791305],[142.28384778,42.96779833],[142.28371834,42.9676375],[142.28349889,42.96749639],[142.28337973,42.96741361],[142.28333333,42.96735592],[142.28331472,42.96733278],[142.28331584,42.96721444],[142.28331722,42.96708556],[142.2832493,42.96666667],[142.28322389,42.96651],[142.28321056,42.96630944],[142.28313778,42.96598417],[142.28308778,42.96586639],[142.28300973,42.96578305],[142.28287722,42.96566639],[142.28255694,42.96548417],[142.28236389,42.96529861],[142.28211389,42.96503305],[142.28192111,42.96486639],[142.28176472,42.96468417],[142.28169195,42.96455389],[142.28106722,42.96404861],[142.28092195,42.96391639],[142.28063472,42.96359028],[142.28058861,42.96350777],[142.28044278,42.96338528],[142.28029944,42.96327861],[142.28002861,42.96296889],[142.27984639,42.96280751],[142.27964,42.96265305],[142.27941611,42.96248639],[142.27871639,42.96205223],[142.27857056,42.96188028],[142.27854722,42.96167723],[142.27852111,42.96146111],[142.27853667,42.96110667],[142.27831805,42.96098444],[142.27814027,42.96090333],[142.27796639,42.96083084],[142.27752112,42.96050278],[142.2773675,42.96032305],[142.27728361,42.96017861],[142.27723472,42.96009417],[142.27717139,42.95988277],[142.27717472,42.95961],[142.27714917,42.95953944],[142.27666667,42.95916389],[142.27652611,42.95901805],[142.27643222,42.95878889],[142.27640694,42.95864111],[142.2763575,42.95842472],[142.27636189,42.95833333],[142.2763625,42.95832056],[142.27641472,42.95813833],[142.2764175,42.95791195],[142.27636278,42.95782861],[142.27630222,42.95764333],[142.27619333,42.95746667],[142.27608333,42.95728417],[142.27577056,42.95710167],[142.27520333,42.95692972],[142.275,42.95686156],[142.27425528,42.95661195],[142.27412333,42.95653195],[142.27372501,42.95631056],[142.27355555,42.95616472],[142.27329694,42.95581],[142.27323778,42.95566472],[142.27320973,42.95549028],[142.27310278,42.95488084],[142.27302472,42.95474805],[142.27300639,42.95469861],[142.27295361,42.95428417],[142.27295667,42.95388111],[142.27288584,42.95334139],[142.27285805,42.95309195],[142.27276083,42.95285195],[142.27275167,42.95282695],[142.2726775,42.95262805],[142.27264111,42.952425],[142.27262528,42.95195639],[142.27269167,42.95123028],[142.27269889,42.95076361],[142.2727925,42.95017],[142.27293003,42.95],[142.27301139,42.94989944],[142.27330306,42.94971723],[142.27391667,42.94935528],[142.27425056,42.94901917],[142.27437667,42.94878889],[142.2745475,42.9484775],[142.27468361,42.948145],[142.2749225,42.94773305],[142.275,42.94761378],[142.27512555,42.94742056],[142.27543805,42.94710277],[142.27571416,42.94688389],[142.27593861,42.94679084],[142.27603594,42.94676572],[142.27628,42.94670277],[142.27669333,42.9465925],[142.27694861,42.94651972],[142.27768278,42.94587889],[142.27798778,42.94585111],[142.27822222,42.94582972],[142.27840944,42.94557472],[142.27844083,42.94543917],[142.27839112,42.94529584],[142.27824056,42.94511417],[142.27815139,42.94497305],[142.27797973,42.94450972],[142.27803195,42.94431167],[142.27811027,42.94415556],[142.27831861,42.94402556],[142.27866195,42.94391056],[142.27924555,42.94381472],[142.27963056,42.94379084],[142.27987555,42.94376],[142.28018306,42.94371611],[142.28044861,42.94364056],[142.28080425,42.94350044],[142.28086528,42.94347639],[142.28110472,42.94339556],[142.28160445,42.94311917],[142.28192222,42.94296833],[142.28215139,42.94287972],[142.28244834,42.94281195],[142.28294625,42.94258095],[142.28317722,42.94247389],[142.28333333,42.94237525],[142.28371361,42.942135],[142.28390611,42.94188],[142.28400283,42.94166667],[142.28408333,42.94148917],[142.28415111,42.94134861],[142.28423944,42.94122889],[142.2843025,42.94118251],[142.28448222,42.94117472],[142.28464056,42.94120278],[142.28531555,42.94140222],[142.28591139,42.94157805],[142.28622883,42.94166667],[142.28691944,42.94185944],[142.28715584,42.94187472],[142.28751,42.94189028],[142.28783805,42.941885],[142.28824973,42.94196861],[142.2883775,42.94196389],[142.28895278,42.94183833],[142.28956597,42.94166667],[142.28960167,42.94165667],[142.29005195,42.94159667],[142.29049195,42.94157833],[142.29098416,42.94160695],[142.29131694,42.94165111],[142.29141942,42.94166667],[142.29155667,42.9416875],[142.29166667,42.94169064],[142.29173891,42.94169269],[142.29193722,42.94169833],[142.29247333,42.94166667],[142.29265306,42.94164056],[142.29281694,42.94155223],[142.29325416,42.94121389],[142.29336611,42.94118889],[142.29360333,42.94113556],[142.29374333,42.94112251],[142.29407889,42.94109139],[142.29461361,42.94104195],[142.29519167,42.94090639],[142.29542083,42.94090111],[142.29630639,42.94088556],[142.2964575,42.94090639],[142.29717611,42.94094833],[142.29749361,42.94094833],[142.2985125,42.94106333],[142.29910834,42.94104722],[142.29954056,42.94106805],[142.3,42.94106189],[142.30030584,42.94105777],[142.30141,42.94095361],[142.30180584,42.94087028],[142.30186083,42.94082889],[142.3020225,42.94059722],[142.30232139,42.93977139],[142.30276416,42.93840167],[142.30276611,42.93832667],[142.30276944,42.93818833],[142.30266528,42.93715751],[142.30261389,42.93694167],[142.30251445,42.93675611],[142.3018425,42.93615195],[142.30155611,42.93565222],[142.30146778,42.93549639],[142.3013375,42.93516305],[142.30132195,42.93498028],[142.30126722,42.93463723],[142.30125416,42.93415751],[142.3012075,42.93392833],[142.30116584,42.93374611],[142.30117667,42.93353056],[142.30125722,42.93335861],[142.30136647,42.93333333],[142.30154056,42.93329305],[142.30212416,42.93305917],[142.30288222,42.93285084],[142.30360306,42.93280361],[142.3039,42.93282444],[142.30436861,42.9328975],[142.3047175,42.93299111],[142.30494667,42.93293389],[142.30512389,42.93268389],[142.30520361,42.93240528],[142.30522805,42.93231944],[142.30542611,42.93210056],[142.30578027,42.93189222],[142.30669694,42.93147028],[142.3070875,42.93133528],[142.30732167,42.93123111],[142.30745167,42.93110611],[142.30755611,42.93089777],[142.30762139,42.93024444],[142.30757195,42.92995],[142.30750416,42.92962167],[142.30751973,42.92915861],[142.30761917,42.92881251],[142.30784778,42.92855444],[142.30794139,42.92847639],[142.30807167,42.92845028],[142.30822278,42.92840333],[142.30833333,42.92836744],[142.30841528,42.92834084],[142.30855611,42.92822639],[142.30924361,42.92755444],[142.30942111,42.92744],[142.31003027,42.92715917],[142.31048834,42.92697667],[142.31062361,42.92678917],[142.3105925,42.92647667],[142.31049361,42.92619],[142.31045195,42.92601277],[142.31045195,42.92584611],[142.31049888,42.92573167],[142.31049888,42.92568111],[142.31049888,42.92554944],[142.31055083,42.92534139],[142.31069742,42.925],[142.31089973,42.92452889],[142.31087361,42.92429444],[142.31081639,42.92414861],[142.31060278,42.92393],[142.31045694,42.92377889],[142.31013195,42.92353444],[142.30991027,42.92331],[142.30994445,42.92309417],[142.31020722,42.92284167],[142.31051445,42.92244584],[142.31058722,42.92227917],[142.31067083,42.92210195],[142.31072306,42.92171139],[142.31067611,42.92156556],[142.31065528,42.92139889],[142.31074389,42.92114361],[142.31155111,42.91964917],[142.31180112,42.91916084],[142.31210694,42.91867223],[142.31224917,42.91850056],[142.31233501,42.91831556],[142.31249083,42.91814167],[142.31264167,42.91800195],[142.31275,42.91792278],[142.31319472,42.91768584],[142.31354917,42.91744639],[142.31368222,42.91735167],[142.31386027,42.91721167],[142.31402056,42.9170875],[142.3141875,42.9169275],[142.31421531,42.91690317],[142.31435472,42.91678111],[142.31444717,42.91666667],[142.31445861,42.91665251],[142.31457139,42.91650111],[142.31466389,42.91641777],[142.31474722,42.91632277],[142.31494584,42.91621223],[142.31513333,42.91610833],[142.31526888,42.91606111],[142.31563667,42.91591195],[142.31586,42.91585777],[142.31605389,42.91585361],[142.31630445,42.91585139],[142.31662944,42.91583333],[142.31666667,42.91583595],[142.31704501,42.9158625],[142.31731361,42.91580167],[142.31775584,42.91554223],[142.31823416,42.91531417],[142.3184125,42.91522167],[142.31857056,42.91507056],[142.31868333,42.91489695],[142.31874195,42.91477723],[142.31884778,42.91461028],[142.31888195,42.91455611],[142.3189925,42.9144025],[142.31914389,42.91423084],[142.31928389,42.91410667],[142.31939888,42.91398722],[142.31963139,42.91382695],[142.31983,42.91370084],[142.31996528,42.91360833],[142.32043667,42.91331028],[142.32063917,42.91322833],[142.32081139,42.913175],[142.3210125,42.91311639],[142.32124722,42.91306889],[142.32148195,42.91301472],[142.32160805,42.91299223],[142.32261472,42.91271917],[142.32284501,42.91256584],[142.32307973,42.91242584],[142.32336195,42.91227277],[142.32357611,42.91221167],[142.32377694,42.91219584],[142.32396445,42.91219333],[142.3241675,42.91220251],[142.32437306,42.91223195],[142.32458501,42.91229528],[142.32478834,42.91232917],[142.32496889,42.91234028],[142.325,42.91233656],[142.32512,42.91232222],[142.32525973,42.91224777],[142.32540861,42.91211251],[142.32551278,42.912015],[142.32563,42.91190222],[142.32572778,42.91180167],[142.32583555,42.91168111],[142.3259075,42.91156389],[142.32597528,42.91142833],[142.32601361,42.91133584],[142.32603389,42.91120028],[142.32618056,42.91100639],[142.32635667,42.91079444],[142.32645611,42.91069722],[142.32653501,42.91059805],[142.32662528,42.91051695],[142.32676056,42.91041556],[142.32686667,42.91035917],[142.32698861,42.91030028],[142.32717139,42.91023695],[142.32737472,42.91016028],[142.32753861,42.910105],[142.32760944,42.91008111],[142.32787306,42.90998861],[142.32802222,42.90993667],[142.32821389,42.90985111],[142.32842834,42.90977889],[142.32872195,42.90970444],[142.32889778,42.9096775],[142.32918667,42.90961417],[142.32948,42.90958695],[142.32955511,42.90958508],[142.32975083,42.90958028],[142.3299225,42.90955556],[142.33014139,42.90956472],[142.33030834,42.90956472],[142.33048445,42.90954223],[142.33064917,42.90951723],[142.33084555,42.90946556],[142.33104861,42.90937751],[142.33131501,42.90923084],[142.33157,42.90913361],[142.33172778,42.90909084],[142.33191056,42.90905472],[142.33213889,42.90901639],[142.33229667,42.90898722],[142.33240278,42.90896],[142.33251333,42.90892167],[142.33261722,42.90887195],[142.33272083,42.908795],[142.33289472,42.90863278],[142.33308222,42.90848167],[142.33328306,42.90835056],[142.33330384,42.90833333],[142.33333333,42.90830887],[142.33340027,42.90825333],[142.33345917,42.90817223],[142.33354027,42.90804167],[142.3336375,42.90790417],[142.33387222,42.90763305],[142.33399611,42.90752251],[142.33398501,42.90733528],[142.33390611,42.90713195],[142.33376389,42.90694695],[142.33364416,42.90678444],[142.3335425,42.90666278],[142.33333333,42.90643003],[142.33330112,42.90639417],[142.33306278,42.90613169],[142.33263083,42.90565584],[142.33252445,42.90550472],[142.33241611,42.90535167],[142.33237333,42.905275],[142.33233944,42.905205],[142.33230778,42.90514167],[142.33227167,42.90508777],[142.33225416,42.905065],[142.33223333,42.90503805],[142.33219278,42.9049975],[142.33214778,42.90496139],[142.33211167,42.90492056],[142.33208,42.90487778],[142.33205306,42.90482805],[142.33196722,42.90468361],[142.3319625,42.90446695],[142.33200805,42.90426361],[142.33209611,42.90410777],[142.33221584,42.9039725],[142.33230139,42.90393195],[142.3326375,42.90381695],[142.33288555,42.90375805],[142.33302333,42.90370833],[142.33320389,42.90355278],[142.33332584,42.90331584],[142.33333333,42.90330264],[142.33345,42.90309723],[142.33350195,42.90296417],[142.33352445,42.90287833],[142.33355611,42.90267056],[142.33361056,42.90245611],[142.33367834,42.90225305],[142.33371639,42.90213805],[142.3337575,42.90194389],[142.33377973,42.90173611],[142.33375944,42.90156917],[142.33375722,42.9013975],[142.33374584,42.90130722],[142.33372778,42.90121472],[142.33370306,42.90112223],[142.33367834,42.90103417],[142.33361278,42.9008425],[142.33357,42.90073667],[142.33346611,42.9005225],[142.33336,42.90033278],[142.33333333,42.90027241],[142.33330112,42.90019944],[142.33319278,42.90001889],[142.33318333,42.9],[142.33313416,42.89990167],[142.33307333,42.89977972],[142.33300112,42.89968056],[142.33290639,42.89957639],[142.33278917,42.89944139],[142.33254973,42.89929223],[142.33236834,42.89913139],[142.33222027,42.89901028],[142.33188639,42.89869889],[142.33179611,42.89860389],[142.33168778,42.89845723],[142.33163111,42.89832861],[142.33155027,42.89817056],[142.33140584,42.89803972],[142.33124555,42.89794944],[142.33096805,42.89780723],[142.33071973,42.89769889],[142.33066667,42.89768389],[142.33050528,42.89763777],[142.33038584,42.89759277],[142.33022778,42.89751389],[142.33002222,42.89738528],[142.32987112,42.89720889],[142.32978083,42.89708028],[142.32946027,42.89669028],[142.32927528,42.89647584],[142.32922555,42.89633139],[142.32919861,42.89608111],[142.32924361,42.89587778],[142.32928445,42.89575139],[142.3293725,42.89545111],[142.32938584,42.89537667],[142.32937027,42.89529084],[142.32932501,42.89516444],[142.32925501,42.89505861],[142.32916278,42.89497277],[142.32897083,42.89483528],[142.32869111,42.89469751],[142.32851722,42.89460278],[142.32832306,42.89451472],[142.32804555,42.8943725],[142.32770917,42.89419195],[142.32750611,42.89410361],[142.32728722,42.89399305],[142.32708416,42.89389833],[142.32682888,42.8936975],[142.32654222,42.893395],[142.32638667,42.89320556],[142.32629639,42.89308584],[142.32622416,42.8929325],[142.32610667,42.89273639],[142.32601195,42.89262805],[142.32553361,42.89200056],[142.32545027,42.89189222],[142.32531944,42.89174333],[142.32525367,42.89166667],[142.32516834,42.89156723],[142.32508,42.89142972],[142.325,42.89131597],[142.32481195,42.89104861],[142.32467611,42.89086305],[142.32462944,42.89076722],[142.32446639,42.89076361],[142.32418195,42.89073889],[142.32399694,42.89074333],[142.32373501,42.89074333],[142.32342361,42.89070944],[142.32322722,42.89061028],[142.32317056,42.89057861],[142.32311889,42.89052889],[142.32294501,42.89037777],[142.32255944,42.89012944],[142.32233805,42.89003251],[142.32208083,42.88993777],[142.32192528,42.88978667],[142.32185306,42.88967584],[142.32173778,42.88937805],[142.3217175,42.88931472],[142.32170639,42.88924944],[142.32168361,42.88920195],[142.32165222,42.88915222],[142.32147167,42.88901472],[142.32131584,42.88892889],[142.32109472,42.88881361],[142.32089834,42.888685],[142.32071778,42.88859472],[142.32046722,42.88844805],[142.32040861,42.88841889],[142.32030027,42.88837139],[142.32021889,42.88833751],[142.32014,42.88829695],[142.31997278,42.88819778],[142.31981722,42.88808944],[142.31962306,42.887945],[142.31939501,42.88774195],[142.31923722,42.88764472],[142.31914501,42.88758833],[142.3190275,42.88754084],[142.31890111,42.88749139],[142.31874555,42.88745056],[142.31859889,42.88743417],[142.31846778,42.8874325],[142.31836416,42.88741667],[142.31827139,42.88738972],[142.31807528,42.88734917],[142.31784056,42.88719777],[142.31766888,42.88705556],[142.31756722,42.88695389],[142.31750416,42.88686361],[142.31734389,42.8865525],[142.31725584,42.88636305],[142.31723778,42.88630223],[142.31716333,42.88618028],[142.31699861,42.88601084],[142.31684501,42.88583028],[142.31672778,42.88571972],[142.31666667,42.88565547],[142.31661973,42.88560611],[142.31649306,42.88548972],[142.31647805,42.88547639],[142.3163125,42.88532944],[142.3160825,42.88514417],[142.31586111,42.88500195],[142.31569861,42.88484639],[142.31556778,42.88466139],[142.31547306,42.88457333],[142.31535333,42.884465],[142.31527,42.88439056],[142.31517973,42.88434084],[142.31506778,42.88431472],[142.3149,42.88426861],[142.31481639,42.88423695],[142.31475555,42.88419639],[142.3146675,42.88410833],[142.31462,42.88394611],[142.3146675,42.88372917],[142.31471944,42.88353056],[142.31474861,42.8833725],[142.31474311,42.88333333],[142.31473528,42.88327778],[142.31471722,42.88319417],[142.31469,42.88310861],[142.31465861,42.88303667],[142.31462027,42.88297333],[142.31457278,42.88292611],[142.31443973,42.88282667],[142.31431083,42.88271167],[142.31417778,42.88260777],[142.31398139,42.88244305],[142.3138325,42.88224444],[142.31372195,42.88210444],[142.31341917,42.88169361],[142.31323195,42.88150861],[142.31308528,42.88137084],[142.31302667,42.88116333],[142.31305389,42.88097361],[142.31315306,42.88079556],[142.31342611,42.88069167],[142.31362472,42.88051805],[142.3137375,42.88039833],[142.3138525,42.88026528],[142.3139925,42.88007805],[142.31408278,42.87996056],[142.31418222,42.87975278],[142.31431333,42.87954084],[142.31438306,42.87936277],[142.31441694,42.87911889],[142.31442139,42.87903305],[142.31440555,42.87881417],[142.31440397,42.87873913],[142.31440112,42.87860417],[142.31441222,42.87843028],[142.31443944,42.87821611],[142.31445861,42.87801251],[142.31445973,42.87799944],[142.31447778,42.87783444],[142.31445306,42.8771125],[142.31445528,42.87698861],[142.31443027,42.87676056],[142.31441694,42.87654611],[142.31437,42.87640167],[142.31434501,42.87629111],[142.31429195,42.87619556],[142.31421639,42.87610611],[142.31415083,42.87603833],[142.3140675,42.87595723],[142.31397278,42.87584444],[142.31388917,42.87572917],[142.31376278,42.8756275],[142.31355528,42.87545139],[142.31339278,42.87529805],[142.31326861,42.87516944],[142.31321416,42.87510195],[142.31317361,42.87505222],[142.31311766,42.875],[142.31300667,42.87489639],[142.31294333,42.87485361],[142.31266584,42.87465278],[142.31250555,42.87451722],[142.31238611,42.87433889],[142.31232501,42.87414278],[142.31226416,42.87399167],[142.31224611,42.87389917],[142.31221222,42.87381111],[142.31217639,42.87373444],[142.31211083,42.87363972],[142.31203861,42.87355833],[142.31195973,42.87349056],[142.31184,42.87339361],[142.31179027,42.87325139],[142.31189416,42.87313639],[142.31207472,42.87307084],[142.31234112,42.87304139],[142.31255805,42.87299805],[142.31277,42.87293305],[142.31365888,42.87271639],[142.3138325,42.87267584],[142.31410805,42.87260805],[142.3143675,42.87253361],[142.31459778,42.87245472],[142.31491834,42.8723625],[142.31558195,42.87212556],[142.31567861,42.87205778],[142.31580445,42.87201805],[142.31594944,42.87197195],[142.31624083,42.87186805],[142.31643944,42.87175084],[142.31665389,42.87161751],[142.31666667,42.87160864],[142.31672834,42.87156584],[142.31678694,42.87150333],[142.31683667,42.87143472],[142.31695389,42.87118889],[142.31699889,42.87105556],[142.31709167,42.87083667],[142.3171775,42.87061333],[142.31723389,42.87048028],[142.31728361,42.87030195],[142.31733778,42.87001305],[142.31736501,42.86982667],[142.31738278,42.86969944],[142.31740083,42.86951667],[142.31742805,42.86933167],[142.31745722,42.86918722],[142.31748445,42.86910361],[142.31748222,42.86898833],[142.31743805,42.86887333],[142.31734694,42.86874028],[142.31733803,42.86871359],[142.31731306,42.86863889],[142.31732,42.8685575],[142.31737639,42.86843777],[142.31742139,42.86831833],[142.31747333,42.86815139],[142.31751389,42.8679325],[142.31756584,42.86777917],[142.31760416,42.86756917],[142.31761333,42.86738861],[142.31760888,42.86711777],[142.31762472,42.86697584],[142.31766501,42.86677028],[142.31770533,42.86666667],[142.31773973,42.86657833],[142.31778027,42.86644528],[142.31783445,42.86629611],[142.31788639,42.86613584],[142.31793389,42.86594195],[142.31796083,42.86577723],[142.31797,42.86562611],[142.31802167,42.86540277],[142.31801501,42.86517472],[142.31800139,42.86503723],[142.31790667,42.864615],[142.31779834,42.86433305],[142.31773973,42.86418195],[142.3176225,42.86393584],[142.31746416,42.86372584],[142.31745611,42.86371223],[142.31737389,42.86357222],[142.31728167,42.86343722],[142.31714167,42.863225],[142.31700416,42.86303751],[142.31689584,42.86289972],[142.31679667,42.86277333],[142.31666667,42.86261667],[142.31663416,42.8625775],[142.31645139,42.86242833],[142.31633611,42.86234278],[142.31599306,42.86212361],[142.31564333,42.86190695],[142.31548306,42.86177389],[142.31534528,42.86161361],[142.3151875,42.861485],[142.31507445,42.86140139],[142.31493445,42.86133167],[142.31424861,42.86102472],[142.31398694,42.86091861],[142.31377501,42.86081695],[142.31352889,42.86072889],[142.31337528,42.86065444],[142.31317889,42.86056889],[142.31296222,42.86046056],[142.31284501,42.86037917],[142.3127975,42.86031805],[142.31279639,42.86031597],[142.31276139,42.86025056],[142.31270944,42.86009472],[142.31261694,42.85993667],[142.31254472,42.85972],[142.31244778,42.85954639],[142.31192333,42.85861889],[142.31183639,42.85839972],[142.31180319,42.85833333],[142.31176195,42.85825084],[142.31173472,42.85814472],[142.31171889,42.85796639],[142.31170528,42.85787833],[142.31166917,42.85777028],[142.31150222,42.85747472],[142.31141888,42.85731667],[142.31132973,42.85711917],[142.31116139,42.85693972],[142.31102834,42.85685389],[142.31102361,42.85685139],[142.31089501,42.85677972],[142.31045528,42.85658111],[142.31035834,42.85652472],[142.31025888,42.85645251],[142.31010112,42.85634389],[142.30989778,42.85620639],[142.30963834,42.85605751],[142.30957722,42.85594],[142.30948944,42.85583833],[142.30942389,42.85572305],[142.30936528,42.85558333],[142.30933139,42.85549305],[142.30932694,42.85541167],[142.30934056,42.85529667],[142.3093225,42.85514777],[142.30921167,42.85494472],[142.30906722,42.85475723],[142.30897056,42.85463333],[142.30884416,42.85449111],[142.30867944,42.85432639],[142.30848528,42.85415695],[142.30842,42.85408028],[142.30838594,42.85400322],[142.30836805,42.85396277],[142.30833333,42.85389517],[142.30827306,42.85377777],[142.30826416,42.85357695],[142.30817389,42.85343251],[142.30813083,42.85330611],[142.30807222,42.85321361],[142.30799778,42.85312084],[142.3078375,42.85295833],[142.30779222,42.85288389],[142.30769973,42.85274444],[142.30770889,42.85251195],[142.30780805,42.85235833],[142.30791639,42.85221195],[142.30800445,42.85207639],[142.30823027,42.85180777],[142.30833333,42.85170287],[142.30835445,42.85168139],[142.30845834,42.85147139],[142.30847222,42.85134972],[142.30851501,42.85113528],[142.30864611,42.85097056],[142.30877445,42.85083056],[142.30908805,42.850625],[142.30926861,42.85048305],[142.30946056,42.85027611],[142.30953472,42.85018528],[142.30967917,42.85002277],[142.30969594,42.85],[142.30980555,42.84985139],[142.30992973,42.84964139],[142.30997722,42.84956222],[142.31001555,42.84946528],[142.31001555,42.84946472],[142.31003361,42.84935695],[142.31002472,42.84928944],[142.31000889,42.8492375],[142.30999778,42.84915833],[142.31001805,42.84909528],[142.31006111,42.84903444],[142.31011973,42.84897778],[142.31019639,42.84883777],[142.31030917,42.8486075],[142.31043778,42.84842972],[142.3105325,42.84830084],[142.31058472,42.84822639],[142.3108375,42.84797611],[142.31090528,42.84790139],[142.31095027,42.84784277],[142.31099555,42.84774584],[142.31106528,42.84763084],[142.31104973,42.84743444],[142.31086445,42.84728084],[142.31075861,42.84721111],[142.31070445,42.84716361],[142.31060501,42.84708917],[142.31021445,42.84682722],[142.31007,42.84674833],[142.31001058,42.84672828],[142.30986917,42.84668056],[142.30966584,42.84657667],[142.30940639,42.84643889],[142.30924834,42.84636889],[142.30891445,42.84621333],[142.30877667,42.84616833],[142.30861416,42.84612528],[142.30853528,42.84608917],[142.3084315,42.84603933],[142.30833333,42.84598308],[142.3082625,42.8459425],[142.30814501,42.84573944],[142.30811112,42.84555639],[142.30806139,42.84537584],[142.30797805,42.84505333],[142.30794195,42.84497222],[142.30787195,42.844875],[142.30779528,42.8448075],[142.30774111,42.84474889],[142.3076825,42.84465195],[142.30756528,42.84449833],[142.30745,42.84433139],[142.30732584,42.84414167],[142.30720834,42.84401084],[142.30712501,42.84393389],[142.30703472,42.84386639],[142.30698501,42.84382111],[142.30693528,42.84376251],[142.30684722,42.84359333],[142.30679306,42.84349639],[142.30665306,42.84328639],[142.30647056,42.84318723],[142.30634639,42.84312611],[142.30612306,42.843045],[142.30589973,42.84295472],[142.30559278,42.84284639],[142.30556667,42.84284056],[142.30548222,42.84282139],[142.30530389,42.84276056],[142.3050825,42.84267251],[142.30485472,42.84262278],[142.30465167,42.84252139],[142.30451611,42.84239944],[142.30450501,42.84222777],[142.30451416,42.8421175],[142.30453,42.84200695],[142.30456611,42.84182389],[142.30462694,42.84167277],[142.30462944,42.84166667],[142.30467195,42.84156222],[142.30483917,42.84140861],[142.30503778,42.84124167],[142.3052,42.84108611],[142.30533112,42.84091695],[142.30540778,42.84082],[142.30547973,42.84070695],[142.30553389,42.84060972],[142.30558139,42.84049251],[142.30563778,42.8403525],[142.30569056,42.84017277],[142.30572139,42.83996667],[142.30572834,42.83980195],[142.30566861,42.83970223],[142.30556389,42.83953556],[142.30549611,42.83943167],[142.30546445,42.83936639],[142.30544416,42.83929417],[142.30544416,42.83924222],[142.30544861,42.83918584],[142.30548027,42.83904584],[142.30547139,42.83892167],[142.30541722,42.83874111],[142.30532445,42.83851777],[142.30525445,42.83836667],[142.3052275,42.83824944],[142.30522083,42.83815695],[142.30522306,42.83805305],[142.30524778,42.83796722],[142.30528611,42.83789722],[142.30535834,42.83781833],[142.30551861,42.83769861],[142.30564278,42.83761305],[142.30587083,42.83754084],[142.30605805,42.83742556],[142.30628139,42.83728584],[142.30649584,42.83708722],[142.30667167,42.83687723],[142.30680944,42.83674195],[142.30695861,42.83662444],[142.30713667,42.83648444],[142.30733306,42.83633556],[142.30747333,42.83622972],[142.30801944,42.83591389],[142.30814917,42.83583611],[142.30833333,42.83573767],[142.30866472,42.83556056],[142.30903501,42.83522667],[142.30940501,42.83473917],[142.30942501,42.83462389],[142.30944111,42.83453167],[142.30935083,42.83429695],[142.30925167,42.83402639],[142.30926973,42.83382778],[142.30947722,42.83360195],[142.30963209,42.83333333],[142.30964889,42.83330417],[142.30967458,42.83311861],[142.30969389,42.83297917],[142.30957667,42.8326],[142.30937306,42.83214778],[142.30919584,42.83186111],[142.30896195,42.83147056],[142.30887861,42.83128305],[142.30888167,42.830885],[142.30899,42.83054195],[142.30914361,42.83036139],[142.3094725,42.82992917],[142.30993805,42.82956695],[142.31029,42.82927805],[142.3104075,42.82892611],[142.31071195,42.82815333],[142.31083694,42.82782528],[142.31082112,42.82762222],[142.31075056,42.82741833],[142.3107325,42.82711139],[142.31075944,42.82684972],[142.31096694,42.82657889],[142.3111375,42.82644167],[142.31148167,42.82616389],[142.31169834,42.82592917],[142.31181555,42.82533333],[142.31181555,42.825],[142.31181555,42.82493611],[142.31169834,42.82473751],[142.31156333,42.82452084],[142.31121111,42.82415084],[142.31107584,42.82387084],[142.31103973,42.82346472],[142.31100973,42.82307917],[142.31095694,42.82283611],[142.31093611,42.82247167],[142.31081639,42.82218],[142.31065139,42.82190305],[142.3102275,42.82153278],[142.30969472,42.82108139],[142.30946,42.82065722],[142.30938416,42.82032056],[142.30939694,42.82003417],[142.30939973,42.81986223],[142.30933361,42.81975444],[142.30906306,42.81963695],[142.3085575,42.81956472],[142.30833333,42.81952556],[142.30811389,42.81948723],[142.30775973,42.81938305],[142.30755973,42.81924361],[142.30753555,42.81922695],[142.30739222,42.81908167],[142.30722139,42.81886056],[142.30705889,42.81815667],[142.30698694,42.81736222],[142.30693694,42.81693556],[142.30688092,42.81666667],[142.30686416,42.81658639],[142.30682445,42.81604444],[142.30683361,42.81540361],[142.30696306,42.81515972],[142.30723973,42.81473556],[142.30752861,42.81417584],[142.30765555,42.81388889],[142.30770027,42.81365222],[142.30761889,42.81320084],[142.30751,42.81294667],[142.30733306,42.81229556],[142.30734361,42.81193611],[142.30741167,42.81163028],[142.30750501,42.81136833],[142.30753805,42.81112472],[142.30766639,42.81058722],[142.30766805,42.81054917],[142.30768222,42.81020195],[142.30767333,42.80993333],[142.30753805,42.80975277],[142.30719472,42.80951805],[142.30696306,42.8093425],[142.30687472,42.80916028],[142.30686416,42.80893111],[142.30686969,42.80833333],[142.30687,42.80829944],[142.30674389,42.80718],[142.30669861,42.80676472],[142.30681611,42.80649389],[142.30708694,42.80621417],[142.30739361,42.8055825],[142.30756528,42.80529361],[142.3076375,42.80490528],[142.30758861,42.80466084],[142.30764584,42.80445251],[142.30791139,42.80410333],[142.3080075,42.80399361],[142.30807083,42.80376805],[142.30812501,42.80340723],[142.30810416,42.80324972],[142.30804389,42.80316333],[142.30765584,42.80286556],[142.30726778,42.80253139],[142.30710805,42.80240861],[142.30691555,42.80226056],[142.30627472,42.80193556],[142.30557944,42.80141195],[142.30532667,42.80120417],[142.30521944,42.80098917],[142.30527667,42.80081251],[142.30544416,42.80066277],[142.30561584,42.80046417],[142.30576027,42.80028361],[142.30582333,42.80004],[142.30582528,42.8],[142.30585056,42.79948028],[142.30584416,42.79929167],[142.30576027,42.79911917],[142.30571528,42.79892056],[142.30576944,42.79870417],[142.30585472,42.79842223],[142.30596805,42.79818972],[142.30606722,42.79790084],[142.30607639,42.79763],[142.30593195,42.79690751],[142.30580555,42.79657389],[142.30567917,42.79633917],[142.30549861,42.79615861],[142.30527278,42.79597805],[142.30514139,42.79588084],[142.30503834,42.79575223],[142.30495694,42.79551944],[142.30498667,42.79532917],[142.3050475,42.79481333],[142.30506667,42.79456167],[142.30509389,42.79420195],[142.3051825,42.79392584],[142.30518278,42.79348667],[142.30512917,42.79289472],[142.3051375,42.79263805],[142.3051375,42.79222277],[142.30504722,42.79169028],[142.30504589,42.79166667],[142.30503778,42.79152251],[142.30508333,42.79132917],[142.30514778,42.79119195],[142.30521778,42.79103833],[142.30520111,42.79070639],[142.30508389,42.79040861],[142.30493944,42.79020084],[142.30455195,42.7899575],[142.30435973,42.78982833],[142.30419,42.78956917],[142.30406361,42.7893525],[142.30389222,42.78908167],[142.30374778,42.78891917],[142.30344056,42.78880167],[142.30292639,42.78863917],[142.30186112,42.78820584],[142.30136445,42.78800972],[142.30098306,42.78788472],[142.30044722,42.78776639],[142.30043472,42.78776361],[142.30016944,42.78768944],[142.30000167,42.78760111],[142.3,42.7876],[142.29973083,42.78742056],[142.29912611,42.7870775],[142.29899472,42.78699278],[142.29889139,42.78689695],[142.29884416,42.7868275],[142.29874694,42.78657195],[142.29862278,42.78625444],[142.29858778,42.78598361],[142.29873834,42.78573639],[142.29877861,42.78556972],[142.29876501,42.78540584],[142.29870167,42.78525417],[142.29853944,42.78506444],[142.29827112,42.78488222],[142.29743861,42.78432778],[142.29733861,42.784225],[142.29730306,42.78415444],[142.29729778,42.78407389],[142.2973325,42.78401528],[142.29741083,42.78396305],[142.29765472,42.78389084],[142.29794361,42.7837825],[142.29816917,42.78362917],[142.29832278,42.78342167],[142.29835584,42.78333833],[142.29835683,42.78333333],[142.29837584,42.78323695],[142.29833555,42.78311722],[142.2981475,42.78282277],[142.29808861,42.78258056],[142.29809722,42.78242861],[142.29819639,42.78216695],[142.29841306,42.78199528],[142.2986175,42.78182528],[142.29881027,42.78152584],[142.299,42.78105667],[142.29909,42.78073389],[142.29915333,42.78050611],[142.29915333,42.78019917],[142.29903611,42.77992833],[142.29886472,42.77972972],[142.29872027,42.77952195],[142.29876555,42.77924222],[142.29878333,42.77901639],[142.29870222,42.77871889],[142.29853973,42.77838472],[142.2984675,42.77796056],[142.29831389,42.7775],[142.29822361,42.77699444],[142.29830501,42.77654333],[142.29835,42.77603777],[142.29843139,42.77574889],[142.29857584,42.77552333],[142.29887361,42.77530667],[142.29904263,42.775],[142.2991175,42.77486417],[142.29913555,42.77428667],[142.29909056,42.7737],[142.29900027,42.77341111],[142.29887389,42.77320333],[142.29865722,42.77299584],[142.29789,42.77255361],[142.29782278,42.77252417],[142.29714973,42.77222861],[142.29668861,42.77202556],[142.29626528,42.77187639],[142.29587722,42.77180417],[142.29537167,42.77180417],[142.29523611,42.77174111],[142.29501056,42.77150667],[142.29433333,42.77100111],[142.29371027,42.77054972],[142.2934425,42.77038667],[142.29326834,42.77030584],[142.29299501,42.77022528],[142.29272667,42.77017944],[142.2924675,42.77023305],[142.29231722,42.77030084],[142.29216694,42.77043223],[142.29187805,42.77071222],[142.29166667,42.77078508],[142.29161611,42.7708025],[142.29116639,42.77081084],[142.29050584,42.77073889],[142.29029361,42.77068972],[142.29009944,42.77057639],[142.28980195,42.77015222],[142.28956722,42.76980028],[142.28931445,42.76958361],[142.2890625,42.76949861],[142.28871167,42.76951417],[142.28858973,42.76951944],[142.28837083,42.76950639],[142.28768056,42.76933084],[142.28727501,42.76921722],[142.28658944,42.76895695],[142.28625111,42.76874084],[142.28612222,42.76860277],[142.28601944,42.76841889],[142.28593584,42.76820639],[142.28583,42.76801278],[142.28551389,42.76781417],[142.28541472,42.76765167],[142.28541472,42.76746195],[142.28546889,42.76711917],[142.28540889,42.76693139],[142.28530667,42.76672195],[142.28524403,42.76666667],[142.28512472,42.76656139],[142.2849275,42.76646028],[142.28455722,42.76631584],[142.28416,42.76632472],[142.28385805,42.76639417],[142.2835925,42.76638889],[142.28339278,42.76632472],[142.28333333,42.76630986],[142.28295944,42.76621639],[142.28261639,42.76633389],[142.2822825,42.76660444],[142.28217472,42.76666667],[142.28216027,42.766675],[142.28209842,42.76666667],[142.28203861,42.76665861],[142.28170501,42.76645084],[142.28124445,42.76618917],[142.28059445,42.76571084],[142.28054973,42.76565889],[142.28032361,42.765395],[142.28017917,42.76504277],[142.28003472,42.76471778],[142.27978222,42.76456444],[142.27944834,42.76449222],[142.27917944,42.76451195],[142.27896056,42.76456444],[142.27855445,42.76469084],[142.27807584,42.76479917],[142.27772639,42.76485056],[142.2773425,42.76475944],[142.27697445,42.76461861],[142.27655056,42.76437139],[142.27635445,42.76417084],[142.27634639,42.76394695],[142.27637083,42.76370472],[142.27633389,42.76351723],[142.27626195,42.76341556],[142.27618805,42.76334917],[142.27607667,42.76330889],[142.27594555,42.76329139],[142.27540389,42.76327333],[142.27514222,42.76325528],[142.275,42.76314631],[142.27487139,42.76304777],[142.27440222,42.76253305],[142.27414944,42.76221723],[142.27411333,42.76197361],[142.27407472,42.76186528],[142.27400501,42.76174805],[142.27388805,42.76168028],[142.27377917,42.76165778],[142.2735,42.76167889],[142.27333222,42.76164389],[142.27311112,42.76153139],[142.27282278,42.76130251],[142.27258778,42.76111611],[142.27209139,42.7606375],[142.27189416,42.76043417],[142.27172139,42.76014111],[142.27151361,42.75974389],[142.27142027,42.75961889],[142.27131501,42.75954528],[142.27098112,42.75946389],[142.27023195,42.75930139],[142.26986416,42.75922584],[142.26965472,42.75921805],[142.26939445,42.75925444],[142.26895639,42.75939],[142.26886667,42.75939917],[142.26866111,42.75938277],[142.2684175,42.7592925],[142.26821,42.75922333],[142.26805416,42.75919472],[142.26791584,42.75919861],[142.26780027,42.75927277],[142.26764611,42.759395],[142.26749167,42.75953944],[142.26741501,42.75956944],[142.26733472,42.7595825],[142.26721667,42.75956944],[142.26712528,42.75953556],[142.26679278,42.75936472],[142.26666667,42.7592968],[142.26640694,42.75915695],[142.2661225,42.7590525],[142.26583111,42.75903695],[142.26544973,42.75905778],[142.26518501,42.75898472],[142.26513,42.75888444],[142.26517027,42.75873361],[142.26525501,42.75856417],[142.26538564,42.75833333],[142.26574361,42.75770084],[142.26575361,42.75765167],[142.26577445,42.75755028],[142.26576361,42.75745111],[142.26573416,42.75737972],[142.26560694,42.75727028],[142.26545805,42.75711278],[142.26538027,42.75692667],[142.26535861,42.75650195],[142.26534528,42.75633],[142.26556528,42.75607],[142.26561027,42.75591639],[142.26555611,42.75575389],[142.26537555,42.7556275],[142.26515,42.75534777],[142.26490611,42.75512195],[142.26456083,42.75494],[142.26444805,42.75485667],[142.26433778,42.75468889],[142.26420555,42.75455056],[142.26407528,42.75445417],[142.26388195,42.75444111],[142.2636425,42.75446305],[142.26330861,42.75456251],[142.26309195,42.75458028],[142.26283917,42.75449028],[142.26245083,42.75421028],[142.26225222,42.75394861],[142.26220722,42.75369584],[142.26218027,42.75321723],[142.26215667,42.75312333],[142.26210973,42.75305444],[142.26200889,42.75300611],[142.26190805,42.75297889],[142.26138722,42.75290861],[142.26108917,42.75284611],[142.26020333,42.752775],[142.25963472,42.75268472],[142.25916917,42.75251084],[142.25893555,42.7524475],[142.25867139,42.75236667],[142.25847861,42.75227278],[142.25837445,42.75214251],[142.25833333,42.75211513],[142.2582025,42.75202805],[142.25767639,42.75174167],[142.25728083,42.75154889],[142.25654639,42.75128333],[142.25579139,42.75098639],[142.2553237,42.75084133],[142.25477611,42.75067139],[142.25411722,42.75044223],[142.25370083,42.75034972],[142.25357834,42.7503225],[142.25338805,42.75019472],[142.25321606,42.75],[142.25319027,42.74997084],[142.25304195,42.74968195],[142.2529325,42.74927305],[142.25285445,42.74871333],[142.25281027,42.74834861],[142.25274528,42.74780195],[142.25278139,42.74740333],[142.25275528,42.74726],[142.25264333,42.74716417],[142.25224501,42.74694278],[142.25164889,42.74673195],[142.25102667,42.74654444],[142.25064639,42.74646361],[142.25019584,42.74636195],[142.25,42.74631287],[142.24927167,42.74613028],[142.24886555,42.74600528],[142.24835528,42.74584889],[142.24770667,42.74573167],[142.24735027,42.74572611],[142.24708722,42.74579667],[142.24668083,42.745945],[142.2462525,42.74611084],[142.24607139,42.74615111],[142.24547501,42.74626056],[142.24521973,42.74628389],[142.24508973,42.74625251],[142.24493333,42.74614333],[142.24478278,42.74595833],[142.24469694,42.74585417],[142.24456917,42.74570833],[142.24430861,42.74544528],[142.24411861,42.74528389],[142.24380361,42.74504444],[142.24361611,42.74492972],[142.24349639,42.74482028],[142.24318888,42.74465361],[142.24292611,42.74452611],[142.24278027,42.74444805],[142.24268139,42.74438056],[142.24259555,42.74421917],[142.24253306,42.744055],[142.24253222,42.74401305],[142.24252778,42.7438075],[142.24254083,42.74368],[142.24267112,42.74329722],[142.24272231,42.74311453],[142.24278278,42.74289861],[142.24282445,42.74271389],[142.24284528,42.74253139],[142.24285834,42.74227361],[142.24275944,42.74215639],[142.24259805,42.74207084],[142.24242083,42.74210195],[142.24219944,42.74215639],[142.24203805,42.74215917],[142.24184805,42.74217472],[142.24166667,42.74221961],[142.24165834,42.74222167],[142.24150722,42.74229195],[142.24139778,42.742365],[142.24122611,42.74251084],[142.24110888,42.74258889],[142.24086139,42.74274251],[142.24072611,42.74284667],[142.24059056,42.74290917],[142.24034056,42.74307056],[142.24021805,42.74318528],[142.24012416,42.74328944],[142.24002,42.74348723],[142.23993416,42.74370056],[142.23989501,42.74388805],[142.23986639,42.74405472],[142.23982222,42.74423722],[142.23974416,42.74437777],[142.23965306,42.74441944],[142.23942111,42.74449223],[142.23915306,42.74453667],[142.23899917,42.74459389],[142.2388925,42.74464333],[142.23874416,42.74475251],[142.23858528,42.74490889],[142.23823361,42.74533333],[142.23786917,42.74566361],[142.23777528,42.74573139],[142.2376375,42.74580944],[142.23750973,42.74591639],[142.23738722,42.74604917],[142.23721278,42.74624195],[142.23709834,42.74646833],[142.23702528,42.74658056],[142.23694167,42.74670139],[142.23690805,42.74674972],[142.23680139,42.74686417],[142.23671027,42.74695277],[142.23652805,42.74708584],[142.23628083,42.74723695],[142.23608834,42.7473175],[142.23589555,42.74736944],[142.23575501,42.7473875],[142.23526778,42.74748639],[142.23512195,42.74751528],[142.23502306,42.74749695],[142.23496056,42.74743972],[142.23491111,42.74734861],[142.23483278,42.74724695],[142.23473139,42.74709584],[142.23459584,42.74691111],[142.23428861,42.74667944],[142.23417667,42.74665611],[142.2340725,42.74662472],[142.23378361,42.74651277],[142.23363,42.7464425],[142.23344778,42.74629667],[142.23333333,42.74623605],[142.23322639,42.74617944],[142.23292772,42.74606003],[142.23260167,42.745945],[142.23212472,42.74577584],[142.23194501,42.74566389],[142.23184639,42.74554139],[142.23174501,42.74546084],[142.23150278,42.74523695],[142.23137,42.74505722],[142.23125278,42.74492944],[142.23107555,42.74479417],[142.2306825,42.74453111],[142.23046111,42.74435389],[142.23021888,42.74415611],[142.23007333,42.74408833],[142.2299275,42.74409361],[142.22978694,42.74414805],[142.22918778,42.74446056],[142.22877112,42.74466639],[142.22821278,42.7449725],[142.22820111,42.74497889],[142.22770611,42.74528611],[142.22747445,42.74541639],[142.22705778,42.74564528],[142.22688834,42.74571056],[142.22670611,42.74576528],[142.22655,42.74583277],[142.2262325,42.74597084],[142.22587306,42.7460175],[142.22569861,42.746075],[142.22547472,42.74614],[142.22522722,42.74618167],[142.22501361,42.7462025],[142.225,42.74620169],[142.22483917,42.74619223],[142.22463611,42.74614278],[142.22437306,42.74607751],[142.22412834,42.74589805],[142.22396694,42.74574444],[142.22377973,42.74562722],[142.22357416,42.74554111],[142.22349027,42.74552336],[142.22337861,42.74549972],[142.2232275,42.74548917],[142.22293333,42.74548917],[142.22270416,42.74548667],[142.22241,42.74549417],[142.22215722,42.74549167],[142.22167805,42.74544195],[142.22137889,42.745395],[142.22112361,42.74535861],[142.22078,42.74525444],[142.22049611,42.74511139],[142.22001167,42.74497584],[142.21972805,42.74484584],[142.21966278,42.74477028],[142.21966805,42.74465305],[142.21968889,42.74452805],[142.21983722,42.74418444],[142.22001973,42.74380944],[142.22010306,42.74362722],[142.22018888,42.74350417],[142.22021222,42.74347084],[142.22034528,42.74333277],[142.22050917,42.74312972],[142.22065501,42.74290611],[142.22072528,42.74273667],[142.22076944,42.74256223],[142.22086584,42.74218972],[142.2209075,42.74191639],[142.22094139,42.74170028],[142.22095542,42.74166667],[142.22101195,42.74153111],[142.22107944,42.74134361],[142.22109528,42.74114833],[142.22104083,42.74101805],[142.22092611,42.74092695],[142.22078805,42.74086167],[142.22038944,42.74070805],[142.22016027,42.74059084],[142.22000667,42.74046084],[142.21988694,42.74035167],[142.2197175,42.74014084],[142.2195875,42.73989611],[142.21954584,42.73975028],[142.21953027,42.73952611],[142.21951195,42.73900777],[142.21947555,42.73872667],[142.21944722,42.73860667],[142.21939501,42.73842972],[142.21939778,42.73829972],[142.21942389,42.73820333],[142.21949917,42.73806556],[142.21959056,42.73768251],[142.21960611,42.73751333],[142.21962445,42.73739361],[142.21961139,42.73728917],[142.21960361,42.73712251],[142.21966834,42.73695861],[142.21969722,42.7368675],[142.21970501,42.73673722],[142.21972056,42.73652889],[142.21970501,42.7362425],[142.21966861,42.73604723],[142.21966083,42.73592],[142.21967112,42.73577667],[142.21966611,42.735485],[142.21965027,42.73527417],[142.21965083,42.73526584],[142.21966333,42.73509695],[142.21971278,42.73491223],[142.21978834,42.73470639],[142.21990306,42.73444333],[142.21992639,42.73431584],[142.21988222,42.73421944],[142.21978767,42.73416925],[142.21954361,42.73403972],[142.21921306,42.73381056],[142.21889027,42.73355805],[142.21872611,42.73346667],[142.21852027,42.73339139],[142.21831722,42.73334944],[142.21825944,42.73333333],[142.21809306,42.73328695],[142.21789278,42.73322444],[142.21765333,42.7331075],[142.21747611,42.73300333],[142.21727555,42.73289667],[142.21711694,42.73281861],[142.2169375,42.73271944],[142.21685139,42.73263889],[142.21675778,42.7325425],[142.21669528,42.73247472],[142.21666667,42.73245844],[142.2165625,42.73239917],[142.21642667,42.73235222],[142.21624722,42.73232111],[142.21609861,42.73231584],[142.21590584,42.73235222],[142.21576278,42.73238611],[142.21562722,42.73244639],[142.2155075,42.73250084],[142.21534361,42.73252944],[142.21499973,42.73265167],[142.21472361,42.73272722],[142.21460139,42.732735],[142.21446361,42.73271944],[142.21434389,42.73265944],[142.21429944,42.73257111],[142.21415361,42.73237584],[142.21400528,42.73215167],[142.21381,42.73189695],[142.21364584,42.73171972],[142.21358083,42.73158695],[142.21347416,42.73140195],[142.21334111,42.73121444],[142.21319555,42.73106333],[142.2130025,42.73087056],[142.21290139,42.73075861],[142.21273722,42.730605],[142.21258889,42.730475],[142.21251973,42.73040695],[142.21243528,42.73032389],[142.21238306,42.73017805],[142.21238834,42.73008417],[142.21239112,42.72984972],[142.2123675,42.72969611],[142.21230501,42.72957639],[142.21219306,42.72947223],[142.21196639,42.72938889],[142.21170333,42.72930805],[142.21152889,42.72920639],[142.21141694,42.72913389],[142.21130027,42.72903222],[142.21117,42.72889722],[142.21103445,42.72879305],[142.21084973,42.72866251],[142.21066472,42.72858972],[142.21042,42.72850111],[142.21024555,42.72839695],[142.21014917,42.7282875],[142.21011,42.72817556],[142.21009694,42.72807389],[142.21014389,42.72793584],[142.21033639,42.72764167],[142.21047973,42.72749084],[142.21056306,42.72737084],[142.21076639,42.72714167],[142.21095389,42.72696723],[142.21113083,42.72678251],[142.21121944,42.72663917],[142.21133917,42.72644917],[142.21138333,42.72631389],[142.21145889,42.72611084],[142.21166222,42.72582944],[142.21178445,42.72572805],[142.21197222,42.72561084],[142.21214667,42.72549361],[142.21226639,42.72536084],[142.21238083,42.72516805],[142.21241722,42.72501972],[142.21242112,42.725],[142.21244333,42.72488695],[142.21246667,42.72466277],[142.21253472,42.72438695],[142.21255805,42.72426972],[142.21245917,42.724085],[142.21225584,42.72396],[142.21207861,42.723895],[142.21190944,42.72386111],[142.21168056,42.72381944],[142.21152445,42.72380639],[142.21119861,42.72380639],[142.21119611,42.72380639],[142.21107639,42.72382195],[142.21096445,42.72384805],[142.21078222,42.72390028],[142.2105425,42.72396],[142.21024306,42.72398333],[142.21012861,42.72398056],[142.20988112,42.72388944],[142.20973805,42.72384528],[142.20961027,42.72380361],[142.20949584,42.72379833],[142.20915722,42.72377222],[142.20894139,42.72377222],[142.20869416,42.72376195],[142.20833333,42.72373795],[142.20826416,42.72373333],[142.20781111,42.72371777],[142.20769389,42.72370195],[142.20757944,42.72367084],[142.20746222,42.72364222],[142.20722778,42.72361861],[142.20700361,42.72360305],[142.20670416,42.72361084],[142.2064725,42.72362389],[142.20620445,42.72357695],[142.20600667,42.72357167],[142.20569694,42.72356889],[142.20516056,42.72369944],[142.20511244,42.72371105],[142.20462139,42.72382944],[142.20418917,42.723905],[142.20404861,42.72391805],[142.20394445,42.72390778],[142.20384528,42.72388167],[142.20370472,42.72382695],[142.20356667,42.72376444],[142.2034625,42.72365777],[142.20323584,42.72343111],[142.20315778,42.723275],[142.20300694,42.72308222],[142.20294973,42.72295695],[142.20288195,42.72260805],[142.20282722,42.72242584],[142.20276501,42.72220722],[142.2027025,42.72203805],[142.20260584,42.72188972],[142.20248861,42.72177],[142.20233,42.72166584],[142.20220222,42.72160333],[142.20203889,42.72156833],[142.20194694,42.72154861],[142.20170222,42.72147556],[142.20148083,42.72143667],[142.20111888,42.72137417],[142.20085889,42.72134277],[142.20052306,42.72131667],[142.20028611,42.721335],[142.20012722,42.72133195],[142.2,42.72133031],[142.19993445,42.72132944],[142.19954639,42.72132167],[142.19931973,42.72129556],[142.19898112,42.72129305],[142.19883,42.72132695],[142.19873639,42.72144944],[142.19864278,42.72154056],[142.19854112,42.72158222],[142.19838472,42.72168889],[142.19821027,42.72179556],[142.19810111,42.72191805],[142.1980775,42.72202223],[142.19806973,42.72212639],[142.19802805,42.72223584],[142.19797861,42.72226695],[142.19781445,42.72225139],[142.19761389,42.72224611],[142.19738472,42.72224361],[142.19719472,42.72222778],[142.19690611,42.72223056],[142.19662472,42.72222805],[142.19651044,42.72223136],[142.19635667,42.72223584],[142.19620805,42.72219667],[142.19608056,42.72212917],[142.19594528,42.72204056],[142.19581222,42.72197805],[142.19568722,42.72192333],[142.19558056,42.72188167],[142.19511167,42.72167584],[142.19492944,42.72160028],[142.19481222,42.72153778],[142.19468973,42.72150389],[142.19455445,42.72149861],[142.19444222,42.72151695],[142.19422917,42.72157417],[142.19406528,42.72159],[142.19383333,42.72156639],[142.19361222,42.7215275],[142.19340639,42.72144417],[142.19320333,42.72138417],[142.19303639,42.7212825],[142.19287222,42.72118639],[142.19269778,42.72109251],[142.19253389,42.72103528],[142.19237,42.72099611],[142.19222139,42.72095722],[142.19209805,42.72094861],[142.19199501,42.72094139],[142.19172139,42.72089472],[142.19166667,42.72089069],[142.19147167,42.72087639],[142.19128416,42.72086333],[142.19108611,42.72083472],[142.19085167,42.72077222],[142.19066944,42.72073056],[142.19053917,42.72067056],[142.19033861,42.72058972],[142.19003944,42.72045722],[142.18979472,42.72030333],[142.18962528,42.72017333],[142.18948472,42.71994667],[142.18937528,42.71970972],[142.18935222,42.71954305],[142.18937056,42.71938417],[142.18943278,42.71904056],[142.18948501,42.71892333],[142.18952917,42.71879833],[142.18956555,42.71870723],[142.18956056,42.71853778],[142.18949027,42.71842305],[142.18938361,42.71831417],[142.18924555,42.71824639],[142.18902944,42.71820472],[142.18862056,42.71812667],[142.18836528,42.71803556],[142.18818306,42.71794972],[142.18801111,42.71784805],[142.18778944,42.71765805],[142.18773222,42.71750695],[142.18768555,42.71735056],[142.18768306,42.71687917],[142.18770389,42.71671777],[142.18770905,42.71666667],[142.1877275,42.71648361],[142.18777694,42.71630389],[142.18780805,42.71617889],[142.18791222,42.71591833],[142.18790973,42.715775],[142.18787834,42.71561889],[142.18780805,42.71548361],[142.18769083,42.71533],[142.18758667,42.71520778],[142.18750333,42.71505417],[142.18742,42.71490833],[142.18726917,42.71473361],[142.18711805,42.71457222],[142.18708555,42.71452389],[142.18698278,42.71437167],[142.18692778,42.71422861],[142.18688639,42.71405667],[142.18679278,42.71380917],[142.18670944,42.71366084],[142.18668333,42.71356695],[142.1866,42.71338751],[142.18645944,42.71317889],[142.18636056,42.71299917],[142.18623306,42.71272861],[142.18611056,42.71240056],[142.18608445,42.71220778],[142.18609472,42.71203611],[142.18606112,42.71186417],[142.1860375,42.71171305],[142.18605306,42.71153333],[142.18604528,42.71133805],[142.18605861,42.71112195],[142.18613139,42.71090584],[142.18614694,42.7107625],[142.18614195,42.71046305],[142.18610027,42.71024444],[142.18603131,42.71009367],[142.18601944,42.71006777],[142.18593889,42.70994528],[142.18583722,42.70980722],[142.1857825,42.70964056],[142.18576973,42.70941917],[142.18585555,42.70927084],[142.18586861,42.70909639],[142.18585027,42.70892972],[142.18578778,42.70859111],[142.18576167,42.70840111],[142.18577464,42.70833333],[142.18579306,42.70823695],[142.18585027,42.70803639],[142.18599611,42.70773417],[142.18605083,42.70763805],[142.18613667,42.70754695],[142.18620973,42.70744556],[142.18631389,42.70727611],[142.1863425,42.70712777],[142.18636584,42.70692972],[142.18637889,42.70670611],[142.18636584,42.70660444],[142.18632167,42.70649778],[142.18622027,42.70642472],[142.18605111,42.70633611],[142.18568917,42.70622944],[142.18563416,42.70622195],[142.18545501,42.70619805],[142.18515,42.70609917],[142.18488195,42.70602611],[142.18479083,42.705995],[142.18481944,42.70591667],[142.18491306,42.70581777],[142.18500416,42.70567723],[142.18513694,42.70553139],[142.18534805,42.70531777],[142.18543667,42.705185],[142.18555917,42.70501361],[142.18561888,42.70486777],[142.18568667,42.70469056],[142.18574639,42.70441444],[142.18575694,42.70428695],[142.18574139,42.70397167],[142.18575167,42.70378944],[142.18584805,42.70366695],[142.1860825,42.70356556],[142.18632445,42.70340667],[142.18641584,42.70331305],[142.18648861,42.70316444],[142.18659278,42.70285223],[142.18666834,42.70267805],[142.18671778,42.70248778],[142.18667083,42.70234472],[142.18655111,42.70218305],[142.18640278,42.702045],[142.18623861,42.70193833],[142.18585584,42.70167528],[142.18572056,42.70152139],[142.18564778,42.70135223],[142.18562944,42.70117528],[142.18566584,42.70101139],[142.18566333,42.70076917],[142.18559027,42.70069084],[142.18538472,42.70068056],[142.18503306,42.70068833],[142.18468416,42.70064917],[142.18449944,42.70061],[142.18421805,42.70046944],[142.18406973,42.70039139],[142.18396555,42.70027444],[142.18389528,42.70019611],[142.18382501,42.70015722],[142.18372611,42.70013639],[142.1835075,42.7001025],[142.18333555,42.70005805],[142.18333333,42.70005775],[142.18321778,42.70004139],[142.18304139,42.70001639],[142.18296025,42.7],[142.18279667,42.69996695],[142.18257528,42.699915],[142.18231472,42.69985777],[142.18217416,42.69980305],[142.18203083,42.69973778],[142.18194501,42.69967251],[142.18179917,42.69956333],[142.18166389,42.69940695],[142.18155694,42.69932889],[142.18143445,42.69927944],[142.18127027,42.69926389],[142.18114278,42.69929],[142.18096333,42.69932889],[142.18080445,42.69939917],[142.18064834,42.69946944],[142.18053639,42.69952695],[142.18045027,42.69953472],[142.18035667,42.69951389],[142.18018222,42.69942528],[142.18002333,42.69931056],[142.17977611,42.69916472],[142.17960416,42.69901889],[142.17945834,42.69893305],[142.17934888,42.69882361],[142.17919778,42.69864139],[142.17911973,42.69858667],[142.17903889,42.69855278],[142.17885917,42.69852695],[142.17866139,42.69854778],[142.17837528,42.69862584],[142.17820861,42.69869611],[142.17800805,42.69879],[142.17784667,42.69887584],[142.17775027,42.69889667],[142.17763555,42.69889917],[142.17757584,42.69881333],[142.17757056,42.69868305],[142.17757306,42.698545],[142.17753667,42.69838611],[142.17751306,42.69820917],[142.17753667,42.69802167],[142.17751834,42.69788611],[142.1774925,42.69775333],[142.17745584,42.69764417],[142.17738555,42.69755556],[142.17727361,42.69747751],[142.17715389,42.69739417],[142.17707584,42.69729],[142.17703416,42.69712611],[142.177,42.69668084],[142.17692973,42.6965975],[142.17677917,42.69650361],[142.17663584,42.69643084],[142.17638306,42.69631639],[142.1761825,42.69619139],[142.17596639,42.69606639],[142.17579222,42.69590222],[142.17576195,42.69584611],[142.17569834,42.69572778],[142.17559667,42.69565223],[142.17543,42.69557917],[142.17525306,42.69555833],[142.17515501,42.69556028],[142.175,42.69556336],[142.17472195,42.69556889],[142.17435501,42.69555584],[142.17425333,42.69552972],[142.17418584,42.69540722],[142.17413888,42.69525361],[142.17406861,42.69517305],[142.17394584,42.69509223],[142.17378973,42.69501917],[142.17362834,42.69497223],[142.17349278,42.69495667],[142.17322472,42.69493333],[142.17303195,42.69490472],[142.17277139,42.69488111],[142.17259445,42.69493056],[142.17221944,42.69500361],[142.17205278,42.69503751],[142.17190222,42.69508944],[142.17175639,42.69515167],[142.17165222,42.69518833],[142.17155306,42.69518305],[142.17134501,42.69512556],[142.17104027,42.69501639],[142.17070694,42.69484695],[142.17062083,42.69474805],[142.17057917,42.69457389],[142.1705375,42.69443084],[142.17042834,42.69420417],[142.17034222,42.69412084],[142.17016,42.69401417],[142.17001167,42.69391778],[142.16981111,42.69383444],[142.16957694,42.69367028],[142.16941027,42.69352972],[142.16932416,42.69341778],[142.16924611,42.69335778],[142.16899112,42.69326917],[142.16875139,42.69319889],[142.16859778,42.69310778],[142.16841555,42.69303223],[142.16816555,42.69280833],[142.16805083,42.69270944],[142.16793361,42.69266251],[142.16779056,42.69263917],[142.16744167,42.69258944],[142.16722027,42.69252972],[142.16706389,42.69244361],[142.16693139,42.69227972],[142.1668725,42.69218778],[142.16681139,42.69209223],[142.16674639,42.69193584],[142.16667083,42.69167278],[142.16666761,42.69166667],[142.16666667,42.69166484],[142.1665875,42.69151417],[142.16651973,42.69134472],[142.16647834,42.69107917],[142.16643139,42.69056361],[142.16640778,42.69044417],[142.16635306,42.6903425],[142.16617333,42.69017305],[142.16606944,42.69000639],[142.16602778,42.68988667],[142.16603056,42.68957417],[142.16611139,42.689345],[142.1661425,42.68925917],[142.16615805,42.68901972],[142.16615278,42.68878528],[142.16610584,42.68869417],[142.16598361,42.68860556],[142.16582472,42.68853],[142.16560333,42.68844139],[142.16543416,42.68839444],[142.16529611,42.68837111],[142.16511888,42.68835805],[142.16493667,42.68831889],[142.16469195,42.68822528],[142.16443667,42.68817333],[142.16422361,42.68817333],[142.16385888,42.68812639],[142.16373389,42.68807695],[142.16362195,42.68799889],[142.16353611,42.68782944],[142.16345528,42.68767584],[142.16326,42.68743111],[142.16312472,42.68730361],[142.16299167,42.68720972],[142.16263501,42.68707944],[142.16249445,42.68701195],[142.16241111,42.68693111],[142.16228861,42.68681639],[142.16205694,42.68667084],[142.16185139,42.68656917],[142.16171083,42.68646751],[142.16161167,42.68636333],[142.16151027,42.68618111],[142.16148694,42.68593889],[142.16149722,42.68569167],[142.16150027,42.68558833],[142.1615025,42.68551444],[142.16144,42.68526444],[142.1613775,42.68506667],[142.16126555,42.68497277],[142.16112222,42.68492861],[142.16096333,42.68490528],[142.16083834,42.68490277],[142.16073667,42.68485584],[142.16065333,42.68478305],[142.16056778,42.68462139],[142.16041389,42.68430611],[142.16031778,42.68403805],[142.16023167,42.68378528],[142.16025528,42.6836525],[142.1603075,42.68357723],[142.16038027,42.68351972],[142.16047416,42.68349389],[142.16069278,42.68346528],[142.16090112,42.68340528],[142.16104516,42.68333333],[142.16113027,42.68329084],[142.1612475,42.6832075],[142.16141139,42.68306195],[142.16148944,42.68296278],[142.16151555,42.68286139],[142.16153639,42.68265805],[142.16152861,42.68249917],[142.16148167,42.68239],[142.1614375,42.68218944],[142.16141722,42.6819362],[142.16141667,42.68192917],[142.16143222,42.68175472],[142.16147389,42.68164528],[142.16152361,42.68152556],[142.16154445,42.68140056],[142.16149222,42.68119722],[142.16146112,42.68103584],[142.16152361,42.68088472],[142.16162778,42.68066639],[142.16173722,42.68054139],[142.16186222,42.68040584],[142.16197139,42.68027584],[142.16206528,42.68008305],[142.16211195,42.679885],[142.16211195,42.679635],[142.16205472,42.67943195],[142.16197667,42.67922333],[142.16186722,42.67901],[142.16174222,42.67876],[142.16167472,42.67860361],[142.16150278,42.67836944],[142.16134667,42.67814056],[142.16125805,42.67796861],[142.16125501,42.67793723],[142.1612425,42.67780723],[142.16126333,42.67763],[142.1612425,42.67740084],[142.16112778,42.67719778],[142.16098195,42.6770675],[142.16081,42.67693723],[142.16068,42.67682277],[142.16056,42.67666111],[142.16052361,42.67653611],[142.16048722,42.67640084],[142.16040416,42.67621056],[142.1602875,42.676045],[142.16008083,42.67593195],[142.15991416,42.67589556],[142.15954472,42.67590611],[142.15911778,42.67592167],[142.15887278,42.67590611],[142.15862278,42.67590611],[142.15857083,42.67583333],[142.15860195,42.67570833],[142.15866445,42.67553639],[142.15868528,42.67536444],[142.15868528,42.6752818],[142.15868528,42.6751875],[142.15862278,42.67504667],[142.15857825,42.675],[142.15851861,42.67493751],[142.15834694,42.67477584],[142.15833333,42.67475731],[142.15821694,42.67459889],[142.15808667,42.67442695],[142.15793027,42.67432278],[142.15782111,42.67428111],[142.15768333,42.67422444],[142.15718056,42.67411444],[142.15702973,42.67411444],[142.15695139,42.67415611],[142.15684222,42.67426028],[142.15670139,42.67432278],[142.15662306,42.67430722],[142.15645139,42.67425],[142.15634722,42.67413528],[142.15631056,42.67403111],[142.15615445,42.67391667],[142.1558575,42.6736875],[142.15571694,42.67361972],[142.15558667,42.67359361],[142.15532639,42.67358833],[142.15503889,42.67362277],[142.15479027,42.67363861],[142.15475889,42.67355195],[142.15469639,42.67341139],[142.15461834,42.67311444],[142.15454944,42.67297333],[142.15450889,42.67289028],[142.1543475,42.67265611],[142.15410278,42.67253111],[142.15374861,42.67245277],[142.15355584,42.67241639],[142.15316528,42.67236444],[142.15286834,42.67229695],[142.15250416,42.67226028],[142.15233222,42.67230195],[142.15215528,42.67239584],[142.15196778,42.67249472],[142.15179584,42.67249472],[142.1515875,42.67244778],[142.15137389,42.67238028],[142.15117083,42.67229139],[142.15099361,42.67217695],[142.15082694,42.67206751],[142.15068639,42.672005],[142.15057167,42.67196861],[142.15042584,42.67196861],[142.1503425,42.67198944],[142.15009778,42.67209361],[142.15,42.67210811],[142.14995722,42.67211444],[142.14978555,42.67209861],[142.1495875,42.67201556],[142.14941584,42.67195305],[142.14919694,42.67191139],[142.1490825,42.67189056],[142.14885333,42.67188528],[142.14861361,42.67189056],[142.14839501,42.67189584],[142.14825944,42.67184889],[142.14809805,42.67171861],[142.14788973,42.67149972],[142.14776472,42.67132778],[142.14757722,42.67114028],[142.14751472,42.67102056],[142.14761889,42.67093195],[142.14780111,42.67080695],[142.14804611,42.67066139],[142.14825445,42.67052084],[142.14844722,42.67035917],[142.14859306,42.67020833],[142.14867112,42.67007278],[142.14871278,42.66994305],[142.14877528,42.66973472],[142.14882195,42.66953667],[142.14892112,42.66935972],[142.14908888,42.66918305],[142.14938472,42.66893695],[142.14942611,42.66878084],[142.14943639,42.66861944],[142.14942361,42.66844751],[142.14937667,42.66828333],[142.14928333,42.66814],[142.14917639,42.66804389],[142.14904361,42.66795528],[142.14877278,42.66785361],[142.14858278,42.66773389],[142.14839278,42.66760389],[142.14833581,42.66755475],[142.14825973,42.66748917],[142.14806195,42.66729917],[142.14804361,42.66720805],[142.14807222,42.6670625],[142.14804889,42.66696084],[142.14797834,42.66684361],[142.14787445,42.66670556],[142.14786236,42.66666667],[142.1478275,42.66655444],[142.14781973,42.66649195],[142.14786139,42.66638528],[142.14803333,42.66630695],[142.14816611,42.66624195],[142.14843445,42.66605723],[142.14845,42.66597111],[142.14845528,42.66586195],[142.14855944,42.66572389],[142.1487025,42.66553639],[142.14886667,42.66536722],[142.1489525,42.66520028],[142.14902027,42.66503361],[142.14901778,42.66479417],[142.14897083,42.66468222],[142.14890834,42.66458584],[142.14887722,42.66441417],[142.14882278,42.66425528],[142.14866639,42.66408084],[142.14853,42.66396028],[142.14843973,42.66388028],[142.14832,42.66376305],[142.14798917,42.66356],[142.14794222,42.66349751],[142.14787472,42.66313278],[142.14788501,42.66299472],[142.14796584,42.66284389],[142.14797361,42.66263028],[142.14796861,42.66234639],[142.14791111,42.66219278],[142.14791389,42.66210667],[142.14798416,42.66205222],[142.1482575,42.66192722],[142.14839805,42.66189889],[142.14878611,42.66170889],[142.14885361,42.66166195],[142.14884333,42.66156556],[142.14882778,42.66147195],[142.14876528,42.661425],[142.14873389,42.66138333],[142.14865056,42.66118],[142.14861667,42.66100556],[142.14840333,42.66086223],[142.1481875,42.66080751],[142.14794778,42.66075805],[142.14755472,42.66060195],[142.14721889,42.66047417],[142.14703139,42.66042472],[142.14671361,42.66025556],[142.14658333,42.66020333],[142.14640888,42.66008889],[142.14588528,42.65979722],[142.14560167,42.65962],[142.14537,42.65945361],[142.14521888,42.65933361],[142.14508611,42.65921139],[142.1449325,42.65903667],[142.14485694,42.65885444],[142.14469834,42.65842223],[142.14459708,42.65833333],[142.14459139,42.65832833],[142.14441973,42.65824777],[142.14395083,42.65820084],[142.1437425,42.6581825],[142.14351333,42.6581175],[142.14314888,42.65800305],[142.14295361,42.65795889],[142.14286,42.65793805],[142.14272722,42.65788584],[142.14231834,42.65771139],[142.14216195,42.65765139],[142.14188083,42.65754195],[142.14166667,42.65747428],[142.14147722,42.65741444],[142.14135222,42.65741972],[142.14104501,42.65745084],[142.14093805,42.65745361],[142.14084944,42.65740917],[142.1407275,42.65728695],[142.14062584,42.65720084],[142.14051112,42.65701056],[142.1402975,42.65662278],[142.14011,42.65641195],[142.14002667,42.65638333],[142.13980278,42.65632584],[142.13932888,42.65618777],[142.1391675,42.65604972],[142.13917,42.65585695],[142.13922222,42.65562528],[142.13920389,42.655495],[142.13914139,42.65537556],[142.1390425,42.65526111],[142.13895389,42.655175],[142.13881889,42.65508139],[142.13856111,42.65488611],[142.13847778,42.6547375],[142.13838917,42.65463084],[142.13830861,42.65443556],[142.13821722,42.65427944],[142.13807139,42.65409195],[142.13797501,42.65400056],[142.13794888,42.65388084],[142.13795917,42.65365695],[142.13794917,42.65347972],[142.13789694,42.65332361],[142.13786584,42.65311528],[142.13775639,42.65293805],[142.13765222,42.65272444],[142.13719917,42.65239917],[142.13701694,42.652295],[142.13681389,42.65219084],[142.13679056,42.65211528],[142.1368425,42.65200333],[142.13697805,42.65185],[142.13719416,42.65165972],[142.13729306,42.65154251],[142.13737889,42.65137861],[142.13739195,42.65128223],[142.13736584,42.65113389],[142.13722,42.65094084],[142.13699611,42.65063111],[142.13692333,42.65050611],[142.13691278,42.65032389],[142.13690934,42.65],[142.1369075,42.64982639],[142.13693083,42.64959723],[142.13705861,42.6494725],[142.13707667,42.64939444],[142.13716805,42.64930861],[142.13738416,42.64911056],[142.13748584,42.64900889],[142.13751195,42.6489075],[142.13752861,42.64886889],[142.13759,42.648725],[142.13765,42.64861833],[142.13767584,42.64849611],[142.13767333,42.64833195],[142.13768111,42.64818861],[142.13758472,42.64792556],[142.13754306,42.6477875],[142.13749611,42.64771723],[142.13733195,42.647535],[142.13726944,42.64741277],[142.13728027,42.64717333],[142.13728027,42.64686084],[142.13724639,42.64668389],[142.13718917,42.64650417],[142.13711889,42.64635028],[142.13701973,42.64618361],[142.13698333,42.64607417],[142.13698083,42.64600944],[142.13712917,42.64590251],[142.13729861,42.64581667],[142.13755639,42.64572278],[142.13765,42.64565528],[142.13791056,42.64539723],[142.1379575,42.64532944],[142.13796528,42.64525417],[142.13787667,42.64507972],[142.13771501,42.64487667],[142.13770222,42.64465777],[142.13781667,42.64452],[142.13800694,42.64431417],[142.13815278,42.64417889],[142.13823611,42.64405917],[142.13824639,42.64394972],[142.13820222,42.64381167],[142.13809805,42.64368417],[142.13775445,42.64328056],[142.13762139,42.64310861],[142.13744694,42.64290278],[142.13733501,42.64276472],[142.13723861,42.64261361],[142.13710584,42.64236389],[142.13708805,42.64227278],[142.13723611,42.64193167],[142.13734881,42.64166667],[142.13742111,42.64149667],[142.13746555,42.64133028],[142.13748889,42.64118167],[142.13746555,42.64113751],[142.13735861,42.64113751],[142.13716973,42.64115972],[142.13711639,42.64116611],[142.13681973,42.64121056],[142.13648639,42.64125223],[142.13624139,42.64127305],[142.13604861,42.64123639],[142.13584555,42.64118444],[142.13559027,42.64108805],[142.13531195,42.64096028],[142.1351375,42.64083528],[142.13501528,42.64076223],[142.13476528,42.64069722],[142.13461694,42.64064777],[142.13452584,42.64058],[142.13439027,42.64038223],[142.13433555,42.64022584],[142.13424445,42.64008528],[142.13410888,42.63993944],[142.13406722,42.63981195],[142.13398917,42.6395775],[142.13393973,42.63937444],[142.13386416,42.63921556],[142.13352555,42.63877028],[142.13334083,42.63848889],[142.13333333,42.63848061],[142.13326805,42.63840861],[142.13307778,42.63825472],[142.13293722,42.63816361],[142.13284611,42.63813751],[142.13269501,42.63812472],[142.13246333,42.63810639],[142.13208555,42.63804361],[142.13183555,42.63794195],[142.13172889,42.63785111],[142.1315675,42.63768972],[142.13139834,42.63755167],[142.13132027,42.63748139],[142.13130722,42.63733028],[142.13138778,42.63697111],[142.13140889,42.636755],[142.13140083,42.63657805],[142.13129667,42.63642139],[142.13098694,42.63621584],[142.13090112,42.63614278],[142.13088278,42.63590056],[142.13083611,42.63575472],[142.13073195,42.63564556],[142.13046445,42.63546944],[142.13027333,42.63534361],[142.13020056,42.63527584],[142.13019528,42.63522111],[142.13031278,42.63507028],[142.13035167,42.6349425],[142.13040139,42.63472111],[142.13052888,42.63453917],[142.13071639,42.63438028],[142.13087528,42.63425528],[142.13098445,42.63415111],[142.13108861,42.63400778],[142.13117722,42.63386723],[142.13120333,42.63375777],[142.13119555,42.63367195],[142.13115639,42.63356778],[142.13105472,42.63341944],[142.13094608,42.63333333],[142.13091667,42.63331],[142.13077083,42.63314861],[142.13070056,42.63307028],[142.1305625,42.63281277],[142.13052361,42.63268778],[142.13040639,42.63231556],[142.1303675,42.63212028],[142.13038584,42.63176333],[142.13037528,42.63163056],[142.13028416,42.63147667],[142.13025805,42.63136222],[142.13024528,42.63099222],[142.13021139,42.63077361],[142.13015917,42.63037056],[142.13009416,42.63023251],[142.13001861,42.6301075],[142.12988834,42.63003167],[142.12968,42.62993528],[142.12948222,42.62982861],[142.12935973,42.62965139],[142.12927139,42.62951861],[142.12922694,42.62941972],[142.12915139,42.62919584],[142.12915139,42.62880528],[142.12914083,42.62869584],[142.12909667,42.628615],[142.12897195,42.62851361],[142.12879472,42.62837833],[142.12857361,42.62826361],[142.12828472,42.62812278],[142.12805278,42.62801611],[142.12786,42.62790917],[142.12781083,42.62788251],[142.1276725,42.62780778],[142.12749805,42.62772972],[142.12732888,42.62762805],[142.12703195,42.62750611],[142.12697222,42.62742778],[142.12693056,42.62732361],[142.12685222,42.62725333],[142.12653501,42.62697472],[142.1264725,42.62694084],[142.12638139,42.62694611],[142.12620167,42.62695111],[142.12604805,42.62694084],[142.12577195,42.62688611],[142.12556112,42.62680556],[142.12543611,42.62668584],[142.12528501,42.62659195],[142.12516778,42.62649556],[142.12514167,42.62643584],[142.12508944,42.62618333],[142.12500083,42.62574805],[142.125,42.62573444],[142.1249775,42.62536556],[142.12490973,42.62508667],[142.12488302,42.625],[142.12486555,42.62494333],[142.12476917,42.62474805],[142.12472234,42.62464692],[142.12465472,42.62450084],[142.12451944,42.62414944],[142.12446195,42.62391778],[142.12446472,42.62375111],[142.12463416,42.62343084],[142.12477472,42.62319111],[142.12488917,42.62302444],[142.12488917,42.62295667],[142.12481361,42.62283944],[142.12468111,42.62262084],[142.12440222,42.62223556],[142.12438667,42.62216],[142.12440222,42.62207167],[142.12455333,42.62189722],[142.12470944,42.62178778],[142.12491528,42.62167056],[142.125,42.62161717],[142.12520445,42.62148833],[142.12525389,42.6214025],[142.12524611,42.62132444],[142.12519139,42.62099889],[142.12513667,42.62075389],[142.12513333,42.62074556],[142.12506888,42.62058472],[142.125,42.62053256],[142.12499333,42.6205275],[142.12487361,42.62045444],[142.12475112,42.62035805],[142.12457416,42.62012667],[142.12445445,42.62002251],[142.12427501,42.61988444],[142.12414722,42.6198325],[142.12387917,42.61979084],[142.12366027,42.61974389],[142.12356667,42.61971528],[142.12350917,42.61963444],[142.12347555,42.61954084],[142.12340501,42.61935333],[142.12331667,42.61925167],[142.1232125,42.61916584],[142.12305861,42.61906667],[142.12299361,42.61900667],[142.12298834,42.61888695],[142.12301195,42.61874111],[142.12307973,42.61856667],[142.12317083,42.61822028],[142.12317333,42.6180875],[142.12312917,42.61799361],[142.12307944,42.61791556],[142.12298056,42.61786084],[142.12257722,42.61759556],[142.12233778,42.61744167],[142.12224917,42.617335],[142.12219722,42.61715028],[142.12210083,42.61688751],[142.12208778,42.61678584],[142.12209805,42.61670778],[142.12211494,42.61666667],[142.12212694,42.6166375],[142.12218139,42.61657472],[142.12238973,42.61641611],[142.12259805,42.61626222],[142.12266056,42.61622584],[142.12266333,42.616145],[142.12263472,42.61604361],[142.12258,42.61580389],[142.12247834,42.61565028],[142.12242112,42.61558528],[142.12232472,42.61552777],[142.12230139,42.61546528],[142.12232472,42.61537695],[142.12236639,42.61528584],[142.12237944,42.61518195],[142.12238472,42.61490333],[142.12240528,42.61451778],[142.12237667,42.61439],[142.12229861,42.61430667],[142.12223861,42.61428084],[142.12209555,42.61425723],[142.1219575,42.61422333],[142.12181973,42.61415584],[142.12168694,42.61405444],[142.12154611,42.61392944],[142.12142112,42.61381222],[142.12127167,42.61374695],[142.12102778,42.61363],[142.12079861,42.61354667],[142.12054861,42.61354139],[142.12041834,42.61352584],[142.12037667,42.61346833],[142.12037667,42.61338],[142.12039222,42.61322889],[142.12036112,42.61303611],[142.12028805,42.61279667],[142.12026195,42.61257777],[142.12031416,42.61231751],[142.12046,42.6120675],[142.12073083,42.61175528],[142.12093917,42.61155195],[142.12127167,42.61138],[142.12139805,42.61128889],[142.12149973,42.61120305],[142.12167917,42.61104417],[142.12187973,42.61091639],[142.12196555,42.61083833],[142.12196834,42.61077833],[142.12193973,42.61067195],[142.12189,42.61055472],[142.12177278,42.61039084],[142.12166861,42.61031528],[142.12158528,42.61025277],[142.1215125,42.61013305],[142.12144722,42.61003389],[142.12141361,42.60985944],[142.12140584,42.60966417],[142.12135584,42.60960889],[142.12127167,42.60958889],[142.12111639,42.60942722],[142.12109555,42.60928139],[142.12100694,42.60874472],[142.1209793,42.60833333],[142.12097584,42.60828167],[142.12100195,42.60797444],[142.12127195,42.60776611],[142.12147361,42.60753944],[142.12159861,42.60740139],[142.12172361,42.60725833],[142.1218225,42.60711777],[142.12196611,42.60685195],[142.12204416,42.60665667],[142.12207,42.60650333],[142.12208056,42.60638861],[142.12205445,42.60629751],[142.12198944,42.60616222],[142.12193472,42.60609195],[142.12179917,42.60601389],[142.12154139,42.60589917],[142.12138778,42.60584722],[142.12127195,42.60583389],[142.12106445,42.60580805],[142.12088722,42.605735],[142.12085083,42.60557361],[142.12088222,42.60543305],[142.12097611,42.60524556],[142.12127195,42.60501361],[142.12165361,42.60470639],[142.12176278,42.60452417],[142.12184861,42.60438111],[142.12192416,42.60419389],[142.12197889,42.60402444],[142.12198917,42.6037875],[142.12199445,42.60359222],[142.1219425,42.60344639],[142.12186167,42.60327444],[142.12178639,42.60314167],[142.12173416,42.60301667],[142.12167167,42.6028475],[142.12161416,42.60269889],[142.12152834,42.60252695],[142.12141139,42.60218333],[142.12127222,42.60195972],[142.12109083,42.60180861],[142.12095528,42.60158472],[142.12084584,42.60123056],[142.12063778,42.600845],[142.12065333,42.60074084],[142.12079389,42.60062639],[142.12127222,42.60037111],[142.12140361,42.60026944],[142.12147667,42.60015223],[142.12155222,42.60002195],[142.12156031,42.6],[142.12158584,42.59993084],[142.12157027,42.59979556],[142.12152584,42.599715],[142.12146333,42.59962889],[142.12136973,42.59954056],[142.12127222,42.59947],[142.12116917,42.59932417],[142.12105445,42.59911111],[142.12105445,42.59894444],[142.1211275,42.59873056],[142.12120555,42.59847028],[142.1211275,42.59816805],[142.12094,42.59795972],[142.12077333,42.59783472],[142.12077333,42.59770972],[142.12084639,42.59759],[142.12101306,42.59741305],[142.1212725,42.59712639],[142.12143778,42.59692084],[142.12151333,42.59681917],[142.12162278,42.59675667],[142.12179973,42.59666305],[142.12192445,42.59657223],[142.12200555,42.59642389],[142.12204445,42.59622833],[142.12206278,42.59607472],[142.1220525,42.59588722],[142.12203667,42.59575444],[142.12198472,42.59565277],[142.12188584,42.5955225],[142.1216825,42.59533278],[142.12154722,42.59524139],[142.12140667,42.59515805],[142.1212725,42.59506944],[142.12083584,42.59482472],[142.12052333,42.59450723],[142.12023694,42.59415305],[142.11995056,42.59378833],[142.11941083,42.59332944],[142.11936222,42.59328833],[142.11919555,42.59317361],[142.11898722,42.59311111],[142.11880472,42.59306422],[142.11864333,42.59302278],[142.11829973,42.59293917],[142.1176225,42.59285584],[142.11666667,42.59268677],[142.11653416,42.59266333],[142.11562278,42.59258],[142.11495639,42.59247056],[142.11453973,42.59240277],[142.11402416,42.59227777],[142.11363889,42.59221],[142.11333167,42.59216305],[142.11301917,42.59215805],[142.11205555,42.59226751],[142.11172222,42.59223611],[142.11144111,42.59211639],[142.11121167,42.59194972],[142.11100888,42.59177251],[142.11082411,42.59166667],[142.11050889,42.59148611],[142.1101975,42.59132861],[142.11008694,42.59127278],[142.10959722,42.59110084],[142.10938389,42.59097584],[142.10916389,42.59076472],[142.10912888,42.59073111],[142.1089725,42.59050695],[142.10876917,42.59035611],[142.10849861,42.590205],[142.10833333,42.5901475],[142.10801944,42.59003833],[142.10780083,42.58994972],[142.10750416,42.5897675],[142.10716027,42.58956444],[142.10693639,42.58934556],[142.10664973,42.58899667],[142.10644667,42.58881417],[142.10595222,42.58858],[142.10548861,42.58831972],[142.10504083,42.58808528],[142.10473861,42.58797611],[142.10441056,42.58786667],[142.10407722,42.58776778],[142.10377,42.58769472],[142.10347306,42.58755944],[142.10297333,42.58734056],[142.10260361,42.58713751],[142.10203584,42.58684584],[142.10153584,42.58661139],[142.10077027,42.58622611],[142.10005416,42.5858575],[142.1,42.58583478],[142.09933861,42.5855575],[142.09849888,42.58516056],[142.09802083,42.58489861],[142.09775,42.58474972],[142.09754222,42.58467305],[142.09723973,42.584605],[142.09685167,42.58459611],[142.09649056,42.58465917],[142.09602112,42.58482167],[142.0956375,42.5849075],[142.09533056,42.584975],[142.09511389,42.58497056],[142.09474834,42.58491639],[142.09456333,42.58496611],[142.09408056,42.58512861],[142.09376889,42.58522777],[142.09350722,42.58532723],[142.09334472,42.58535861],[142.09302416,42.58536778],[142.09278056,42.58540833],[142.09252778,42.58546251],[142.09230639,42.58551667],[142.09182778,42.58554389],[142.09166667,42.5855122],[142.09157501,42.58549417],[142.09128611,42.58544],[142.09077611,42.58537223],[142.09022584,42.58525472],[142.08998667,42.58521417],[142.08968973,42.58505722],[142.08959389,42.58500639],[142.08936361,42.584835],[142.08924195,42.58465444],[142.08907472,42.58440167],[142.08889888,42.58403611],[142.08886278,42.58391528],[142.08895278,42.58370139],[142.08913805,42.58349],[142.08931314,42.58333333],[142.08948112,42.58318305],[142.08963888,42.58305695],[142.08986917,42.58280111],[142.09016278,42.58246889],[142.09030722,42.58230305],[142.09048778,42.58218111],[142.09067722,42.58202778],[142.09074501,42.58195556],[142.09075389,42.58186111],[142.09066278,42.58178222],[142.09051944,42.58169222],[142.09032528,42.58145],[142.09014472,42.58115751],[142.08989195,42.58085917],[142.08926,42.58009167],[142.08895917,42.57980695],[142.08854222,42.57950917],[142.08822195,42.57927444],[142.08789278,42.57904889],[142.08773472,42.57880972],[142.08760834,42.57860195],[142.08726083,42.57814167],[142.08709139,42.57784584],[142.08707111,42.57781056],[142.08693111,42.57761805],[142.08675056,42.57748695],[142.08662889,42.57746444],[142.08638501,42.57750972],[142.0861775,42.57757278],[142.08599694,42.57759528],[142.08573501,42.57754417],[142.08560861,42.57738777],[142.08559528,42.57712139],[142.08551861,42.57637251],[142.0854825,42.57621],[142.08544639,42.57603833],[142.08534722,42.57584889],[142.08513944,42.57560056],[142.08492722,42.57543805],[142.08468805,42.57523944],[142.08456161,42.575],[142.08452112,42.57492333],[142.08421889,42.57470667],[142.08397528,42.57463],[142.08346528,42.57453972],[142.08333333,42.57452869],[142.08206139,42.57442251],[142.08159195,42.574445],[142.0811,42.57442695],[142.08085611,42.57438167],[142.08050389,42.57431389],[142.08023333,42.57423722],[142.07920861,42.57428695],[142.07880112,42.57429361],[142.07866694,42.57429584],[142.07800834,42.57429584],[142.07766973,42.57425528],[142.07725,42.5741425],[142.07702861,42.57407917],[142.07645111,42.57384444],[142.07595917,42.5737225],[142.07556639,42.57365944],[142.07514195,42.573655],[142.075,42.57364547],[142.07460472,42.57361889],[142.07446027,42.57360084],[142.07409027,42.57342028],[142.07231667,42.57242277],[142.07172083,42.57211584],[142.07120167,42.57194417],[142.0704075,42.57180417],[142.06881416,42.57149278],[142.06851944,42.57146056],[142.06719834,42.57131667],[142.06666667,42.57132497],[142.06662973,42.57132556],[142.06605694,42.57141639],[142.06566389,42.57147889],[142.06500472,42.57160972],[142.06379501,42.57209278],[142.06203445,42.57277417],[142.06055195,42.57315167],[142.06027445,42.57278778],[142.05973278,42.57213778],[142.05951167,42.57197084],[142.05938056,42.57184889],[142.05909195,42.57150167],[142.05904195,42.57137751],[142.05893416,42.57110889],[142.05886195,42.57068917],[142.05879416,42.57053111],[142.05839222,42.56975917],[142.05833333,42.56963817],[142.05822528,42.56941611],[142.05812611,42.56925833],[142.05787333,42.56895556],[142.05745389,42.56856084],[142.05722805,42.56831333],[142.05706112,42.56812111],[142.05644278,42.56752056],[142.05573,42.56688861],[142.05546694,42.56666667],[142.05457445,42.56591361],[142.05384306,42.56531777],[142.05349112,42.56486222],[142.05297222,42.56423944],[142.05283584,42.56407472],[142.05255694,42.56373833],[142.05223639,42.56339972],[142.05165445,42.56294389],[142.05137888,42.56269556],[142.05079667,42.56226222],[142.05006083,42.56188305],[142.05,42.56184975],[142.04989639,42.56179305],[142.04722012,42.56047211],[142.04709139,42.56040917],[142.04669416,42.56015444],[142.04639167,42.55988361],[142.04585889,42.55946833],[142.04548917,42.55917944],[142.04474445,42.55859722],[142.04443647,42.55833333],[142.04311083,42.55719777],[142.04295278,42.55704],[142.04272694,42.55685944],[142.04244722,42.55670139],[142.0419325,42.55653889],[142.04166667,42.55645636],[142.04133667,42.55635389],[142.04075,42.55615056],[142.03954027,42.55575361],[142.03871445,42.55538333],[142.03827139,42.55521833],[142.03792639,42.55509028],[142.03744167,42.55490972],[142.03708944,42.55475167],[142.03667888,42.55449889],[142.03640805,42.55425972],[142.03609222,42.55388972],[142.03487708,42.55237213],[142.0347308,42.55220805],[142.03457689,42.55209344],[142.03434139,42.55201611],[142.03342501,42.55182667],[142.03333333,42.55179731],[142.03262139,42.55156917],[142.03213861,42.55142944],[142.03190389,42.55134805],[142.03109611,42.55119917],[142.03024306,42.55117667],[142.02935,42.55118667],[142.02917056,42.55118861],[142.02904222,42.55119],[142.02875333,42.55117195],[142.02849611,42.55109972],[142.02755306,42.55076139],[142.02726416,42.55066195],[142.02711973,42.55060778],[142.02687584,42.550495],[142.02664555,42.55043167],[142.02633416,42.550355],[142.02604083,42.55031],[142.02563445,42.55031],[142.025,42.55035553],[142.02481778,42.55036861],[142.02339139,42.55048167],[142.02233944,42.55053556],[142.0218025,42.55055361],[142.02154973,42.55054],[142.02131528,42.550495],[142.02111667,42.55039111],[142.02049586,42.55],[142.01997027,42.54966889],[142.01956861,42.54938],[142.01896056,42.54898917],[142.01751056,42.54805751],[142.01684222,42.54762417],[142.01666667,42.54753811],[142.01640027,42.54740751],[142.0161475,42.54731278],[142.01565555,42.54712333],[142.01464889,42.54680251],[142.01334888,42.54636972],[142.01257805,42.54612972],[142.01246445,42.54609444],[142.01260944,42.5457875],[142.01278027,42.54542639],[142.01292027,42.54510584],[142.01297445,42.54480805],[142.01297888,42.54440167],[142.01296111,42.54404056],[142.01290722,42.54367056],[142.01281722,42.54323778],[142.01274889,42.54290778],[142.01244667,42.54192833],[142.01238384,42.54166667],[142.01231111,42.54136389],[142.01215778,42.54126028],[142.01167501,42.54107944],[142.0114625,42.54096695],[142.01144917,42.54078167],[142.01140861,42.54021333],[142.0113675,42.53988972],[142.01103861,42.54007805],[142.01072944,42.5402075],[142.00991,42.54057056],[142.00899639,42.54111333],[142.00833333,42.541497],[142.00819278,42.54157833],[142.00798278,42.54165723],[142.00794817,42.54166667],[142.00773445,42.541725],[142.00716584,42.54183139],[142.00691501,42.54195528],[142.00578861,42.54237833],[142.00544694,42.54250667],[142.00464722,42.54284417],[142.00434917,42.54291889],[142.00386167,42.54304305],[142.00305834,42.54322805],[142.00284167,42.54325972],[142.00220056,42.54335],[142.00181861,42.54343556],[142.00110361,42.54367056],[142.0,42.54392941]]]}},{"type":"Feature","properties":{"feature_type":"region_point","region_key":"hobetsu-nagawa","region_name":"むかわ町穂別長和","municipality":"むかわ町","district":"穂別長和","site_ids":[],"description":"むかわ町穂別長和の代表点です。詳細な採集地点を示すものではありません。","source":"地域代表点（公開地図用）","map_center":[42.9127,142.1911]},"geometry":{"type":"Point","coordinates":[142.1911,42.9127]}},{"type":"Feature","properties":{"feature_type":"region_point","region_key":"hobetsu-inasato","region_name":"むかわ町穂別稲里","municipality":"むかわ町","district":"穂別稲里","site_ids":[],"description":"むかわ町穂別稲里の代表点です。詳細な採集地点を示すものではありません。","source":"地域代表点（公開地図用）","map_center":[42.849,142.1704]},"geometry":{"type":"Point","coordinates":[142.1704,42.849]}}]}